board_id,month,lights_kwh,equipment_kwh,hvac_kwh,total_kwh,peak_total_kw
board_0BApDNy4b68xPmOWc6g5bB,1,1163.65,0,0,1163.65,4.197
board_0BApDNy4b68xPmOWc6g5bB,2,1022.5,0,0,1022.5,4.197
board_0BApDNy4b68xPmOWc6g5bB,3,1133.78,0,0,1133.78,4.197
board_0BApDNy4b68xPmOWc6g5bB,4,1072.73,0,0,1072.73,4.197
board_0BApDNy4b68xPmOWc6g5bB,5,1163.65,0,0,1163.65,4.197
board_0BApDNy4b68xPmOWc6g5bB,6,1086.73,0,0,1086.73,4.197
board_0BApDNy4b68xPmOWc6g5bB,7,1119.78,0,0,1119.78,4.197
board_0BApDNy4b68xPmOWc6g5bB,8,1163.65,0,0,1163.65,4.197
board_0BApDNy4b68xPmOWc6g5bB,9,1042.86,0,0,1042.86,4.197
board_0BApDNy4b68xPmOWc6g5bB,10,1163.65,0,0,1163.65,4.197
board_0BApDNy4b68xPmOWc6g5bB,11,1116.6,0,0,1116.6,4.197
board_0BApDNy4b68xPmOWc6g5bB,12,1089.91,0,0,1089.91,4.197
board_0BApDNy4b68xPmOWc6g7w6,1,3637.16,0,0,3637.16,13.119
board_0BApDNy4b68xPmOWc6g7w6,2,3195.96,0,0,3195.96,13.119
board_0BApDNy4b68xPmOWc6g7w6,3,3543.81,0,0,3543.81,13.119
board_0BApDNy4b68xPmOWc6g7w6,4,3352.97,0,0,3352.97,13.119
board_0BApDNy4b68xPmOWc6g7w6,5,3637.16,0,0,3637.16,13.119
board_0BApDNy4b68xPmOWc6g7w6,6,3396.74,0,0,3396.74,13.119
board_0BApDNy4b68xPmOWc6g7w6,7,3500.03,0,0,3500.03,13.119
board_0BApDNy4b68xPmOWc6g7w6,8,3637.16,0,0,3637.16,13.119
board_0BApDNy4b68xPmOWc6g7w6,9,3259.62,0,0,3259.62,13.119
board_0BApDNy4b68xPmOWc6g7w6,10,3637.16,0,0,3637.16,13.119
board_0BApDNy4b68xPmOWc6g7w6,11,3490.09,0,0,3490.09,13.119
board_0BApDNy4b68xPmOWc6g7w6,12,3406.68,0,0,3406.68,13.119
board_0BApDNy4b68xPmOWc6g7wd,1,577.79,0,0,577.79,2.084
board_0BApDNy4b68xPmOWc6g7wd,2,507.7,0,0,507.7,2.084
board_0BApDNy4b68xPmOWc6g7wd,3,562.96,0,0,562.96,2.084
board_0BApDNy4b68xPmOWc6g7wd,4,532.65,0,0,532.65,2.084
board_0BApDNy4b68xPmOWc6g7wd,5,577.79,0,0,577.79,2.084
board_0BApDNy4b68xPmOWc6g7wd,6,539.6,0,0,539.6,2.084
board_0BApDNy4b68xPmOWc6g7wd,7,556.01,0,0,556.01,2.084
board_0BApDNy4b68xPmOWc6g7wd,8,577.79,0,0,577.79,2.084
board_0BApDNy4b68xPmOWc6g7wd,9,517.82,0,0,517.82,2.084
board_0BApDNy4b68xPmOWc6g7wd,10,577.79,0,0,577.79,2.084
board_0BApDNy4b68xPmOWc6g7wd,11,554.43,0,0,554.43,2.084
board_0BApDNy4b68xPmOWc6g7wd,12,541.18,0,0,541.18,2.084
board_0BApDNy4b68xPmOWc6gBjW,1,191.91,0,2262.21,2454.12,49.158
board_0BApDNy4b68xPmOWc6gBjW,2,168.63,0,1991.14,2159.77,49.281
board_0BApDNy4b68xPmOWc6gBjW,3,186.98,0,1051.15,1238.13,33.867
board_0BApDNy4b68xPmOWc6gBjW,4,176.91,0,3938.85,4115.76,30.808
board_0BApDNy4b68xPmOWc6gBjW,5,191.91,0,7981.92,8173.83,31.713
board_0BApDNy4b68xPmOWc6gBjW,6,179.22,0,8367.01,8546.23,32.582
board_0BApDNy4b68xPmOWc6gBjW,7,184.67,0,8666.57,8851.24,32.398
board_0BApDNy4b68xPmOWc6gBjW,8,191.91,0,8944.15,9136.06,32.56
board_0BApDNy4b68xPmOWc6gBjW,9,171.99,0,7771.11,7943.09,30.822
board_0BApDNy4b68xPmOWc6gBjW,10,191.91,0,6128.84,6320.75,30.162
board_0BApDNy4b68xPmOWc6gBjW,11,184.15,0,1158.46,1342.6,15.126
board_0BApDNy4b68xPmOWc6gBjW,12,179.75,0,1011.14,1190.89,42.126
board_0YlieLMgD4O9YRLNjlwdJN,1,100.86,0,0,100.86,0.364
board_0YlieLMgD4O9YRLNjlwdJN,2,88.63,0,0,88.63,0.364
board_0YlieLMgD4O9YRLNjlwdJN,3,98.27,0,0,98.27,0.364
board_0YlieLMgD4O9YRLNjlwdJN,4,92.98,0,0,92.98,0.364
board_0YlieLMgD4O9YRLNjlwdJN,5,100.86,0,0,100.86,0.364
board_0YlieLMgD4O9YRLNjlwdJN,6,94.2,0,0,94.2,0.364
board_0YlieLMgD4O9YRLNjlwdJN,7,97.06,0,0,97.06,0.364
board_0YlieLMgD4O9YRLNjlwdJN,8,100.86,0,0,100.86,0.364
board_0YlieLMgD4O9YRLNjlwdJN,9,90.39,0,0,90.39,0.364
board_0YlieLMgD4O9YRLNjlwdJN,10,100.86,0,0,100.86,0.364
board_0YlieLMgD4O9YRLNjlwdJN,11,96.78,0,0,96.78,0.364
board_0YlieLMgD4O9YRLNjlwdJN,12,94.47,0,0,94.47,0.364
board_0YlieLMgD4O9YRLNjlwdJu,1,3805.88,0,0,3805.88,13.727
board_0YlieLMgD4O9YRLNjlwdJu,2,3344.21,0,0,3344.21,13.727
board_0YlieLMgD4O9YRLNjlwdJu,3,3708.2,0,0,3708.2,13.727
board_0YlieLMgD4O9YRLNjlwdJu,4,3508.5,0,0,3508.5,13.727
board_0YlieLMgD4O9YRLNjlwdJu,5,3805.88,0,0,3805.88,13.727
board_0YlieLMgD4O9YRLNjlwdJu,6,3554.31,0,0,3554.31,13.727
board_0YlieLMgD4O9YRLNjlwdJu,7,3662.39,0,0,3662.39,13.727
board_0YlieLMgD4O9YRLNjlwdJu,8,3805.88,0,0,3805.88,13.727
board_0YlieLMgD4O9YRLNjlwdJu,9,3410.82,0,0,3410.82,13.727
board_0YlieLMgD4O9YRLNjlwdJu,10,3805.88,0,0,3805.88,13.727
board_0YlieLMgD4O9YRLNjlwdJu,11,3651.99,0,0,3651.99,13.727
board_0YlieLMgD4O9YRLNjlwdJu,12,3564.71,0,0,3564.71,13.727
board_0irh5V91zCcfh8lHZeV4Fq,1,14.27,0,0,14.27,0.051
board_0irh5V91zCcfh8lHZeV4Fq,2,12.54,0,0,12.54,0.051
board_0irh5V91zCcfh8lHZeV4Fq,3,13.91,0,0,13.91,0.051
board_0irh5V91zCcfh8lHZeV4Fq,4,13.16,0,0,13.16,0.051
board_0irh5V91zCcfh8lHZeV4Fq,5,14.27,0,0,14.27,0.051
board_0irh5V91zCcfh8lHZeV4Fq,6,13.33,0,0,13.33,0.051
board_0irh5V91zCcfh8lHZeV4Fq,7,13.74,0,0,13.74,0.051
board_0irh5V91zCcfh8lHZeV4Fq,8,14.27,0,0,14.27,0.051
board_0irh5V91zCcfh8lHZeV4Fq,9,12.79,0,0,12.79,0.051
board_0irh5V91zCcfh8lHZeV4Fq,10,14.27,0,0,14.27,0.051
board_0irh5V91zCcfh8lHZeV4Fq,11,13.7,0,0,13.7,0.051
board_0irh5V91zCcfh8lHZeV4Fq,12,13.37,0,0,13.37,0.051
board_0v5ZMY9z92W9XFjubzgo4H,1,17.85,0,0,17.85,0.064
board_0v5ZMY9z92W9XFjubzgo4H,2,15.68,0,0,15.68,0.064
board_0v5ZMY9z92W9XFjubzgo4H,3,17.39,0,0,17.39,0.064
board_0v5ZMY9z92W9XFjubzgo4H,4,16.45,0,0,16.45,0.064
board_0v5ZMY9z92W9XFjubzgo4H,5,17.85,0,0,17.85,0.064
board_0v5ZMY9z92W9XFjubzgo4H,6,16.67,0,0,16.67,0.064
board_0v5ZMY9z92W9XFjubzgo4H,7,17.17,0,0,17.17,0.064
board_0v5ZMY9z92W9XFjubzgo4H,8,17.85,0,0,17.85,0.064
board_0v5ZMY9z92W9XFjubzgo4H,9,16.0,0,0,16.0,0.064
board_0v5ZMY9z92W9XFjubzgo4H,10,17.85,0,0,17.85,0.064
board_0v5ZMY9z92W9XFjubzgo4H,11,17.13,0,0,17.13,0.064
board_0v5ZMY9z92W9XFjubzgo4H,12,16.72,0,0,16.72,0.064
board_0v5ZMY9z92W9XFjubzgo4t,1,6.31,0,0,6.31,0.023
board_0v5ZMY9z92W9XFjubzgo4t,2,5.55,0,0,5.55,0.023
board_0v5ZMY9z92W9XFjubzgo4t,3,6.15,0,0,6.15,0.023
board_0v5ZMY9z92W9XFjubzgo4t,4,5.82,0,0,5.82,0.023
board_0v5ZMY9z92W9XFjubzgo4t,5,6.31,0,0,6.31,0.023
board_0v5ZMY9z92W9XFjubzgo4t,6,5.9,0,0,5.9,0.023
board_0v5ZMY9z92W9XFjubzgo4t,7,6.08,0,0,6.08,0.023
board_0v5ZMY9z92W9XFjubzgo4t,8,6.31,0,0,6.31,0.023
board_0v5ZMY9z92W9XFjubzgo4t,9,5.66,0,0,5.66,0.023
board_0v5ZMY9z92W9XFjubzgo4t,10,6.31,0,0,6.31,0.023
board_0v5ZMY9z92W9XFjubzgo4t,11,6.06,0,0,6.06,0.023
board_0v5ZMY9z92W9XFjubzgo4t,12,5.91,0,0,5.91,0.023
board_0ySY4lCdb6wP8OlE3GnJKj,1,7405.78,1515.75,5060.64,13982.17,141.696
board_0ySY4lCdb6wP8OlE3GnJKj,2,6507.43,1336.35,4377.21,12221.0,132.64
board_0ySY4lCdb6wP8OlE3GnJKj,3,7215.7,1480.37,3124.44,11820.51,90.272
board_0ySY4lCdb6wP8OlE3GnJKj,4,6827.12,1406.83,11261.22,19495.17,116.289
board_0ySY4lCdb6wP8OlE3GnJKj,5,7405.78,1515.75,21980.5,30902.02,117.782
board_0ySY4lCdb6wP8OlE3GnJKj,6,6916.26,1420.57,23324.19,31661.01,120.426
board_0ySY4lCdb6wP8OlE3GnJKj,7,7126.57,1466.63,24163.06,32756.26,120.03
board_0ySY4lCdb6wP8OlE3GnJKj,8,7405.78,1515.75,24912.91,33834.43,120.282
board_0ySY4lCdb6wP8OlE3GnJKj,9,6637.05,1371.45,21497.07,29505.58,115.274
board_0ySY4lCdb6wP8OlE3GnJKj,10,7405.78,1515.75,16933.47,25854.99,114.113
board_0ySY4lCdb6wP8OlE3GnJKj,11,7106.33,1455.95,3611.26,12173.54,75.102
board_0ySY4lCdb6wP8OlE3GnJKj,12,6936.5,1431.25,2560.9,10928.65,110.614
board_0ySY4lCdb6wP8OlE3GnJLh,1,42.8,0,0,42.8,0.154
board_0ySY4lCdb6wP8OlE3GnJLh,2,37.61,0,0,37.61,0.154
board_0ySY4lCdb6wP8OlE3GnJLh,3,41.7,0,0,41.7,0.154
board_0ySY4lCdb6wP8OlE3GnJLh,4,39.46,0,0,39.46,0.154
board_0ySY4lCdb6wP8OlE3GnJLh,5,42.8,0,0,42.8,0.154
board_0ySY4lCdb6wP8OlE3GnJLh,6,39.97,0,0,39.97,0.154
board_0ySY4lCdb6wP8OlE3GnJLh,7,41.19,0,0,41.19,0.154
board_0ySY4lCdb6wP8OlE3GnJLh,8,42.8,0,0,42.8,0.154
board_0ySY4lCdb6wP8OlE3GnJLh,9,38.36,0,0,38.36,0.154
board_0ySY4lCdb6wP8OlE3GnJLh,10,42.8,0,0,42.8,0.154
board_0ySY4lCdb6wP8OlE3GnJLh,11,41.07,0,0,41.07,0.154
board_0ySY4lCdb6wP8OlE3GnJLh,12,40.09,0,0,40.09,0.154
board_1BFJi9GR9EgeQt8GQ9ASY_,1,246.48,0,0,246.48,0.889
board_1BFJi9GR9EgeQt8GQ9ASY_,2,216.58,0,0,216.58,0.889
board_1BFJi9GR9EgeQt8GQ9ASY_,3,240.16,0,0,240.16,0.889
board_1BFJi9GR9EgeQt8GQ9ASY_,4,227.22,0,0,227.22,0.889
board_1BFJi9GR9EgeQt8GQ9ASY_,5,246.48,0,0,246.48,0.889
board_1BFJi9GR9EgeQt8GQ9ASY_,6,230.19,0,0,230.19,0.889
board_1BFJi9GR9EgeQt8GQ9ASY_,7,237.19,0,0,237.19,0.889
board_1BFJi9GR9EgeQt8GQ9ASY_,8,246.48,0,0,246.48,0.889
board_1BFJi9GR9EgeQt8GQ9ASY_,9,220.9,0,0,220.9,0.889
board_1BFJi9GR9EgeQt8GQ9ASY_,10,246.48,0,0,246.48,0.889
board_1BFJi9GR9EgeQt8GQ9ASY_,11,236.52,0,0,236.52,0.889
board_1BFJi9GR9EgeQt8GQ9ASY_,12,230.86,0,0,230.86,0.889
board_1BFJi9GR9EgeQt8GQ9AUhL,1,33.83,0,0,33.83,0.122
board_1BFJi9GR9EgeQt8GQ9AUhL,2,29.73,0,0,29.73,0.122
board_1BFJi9GR9EgeQt8GQ9AUhL,3,32.96,0,0,32.96,0.122
board_1BFJi9GR9EgeQt8GQ9AUhL,4,31.19,0,0,31.19,0.122
board_1BFJi9GR9EgeQt8GQ9AUhL,5,33.83,0,0,33.83,0.122
board_1BFJi9GR9EgeQt8GQ9AUhL,6,31.6,0,0,31.6,0.122
board_1BFJi9GR9EgeQt8GQ9AUhL,7,32.56,0,0,32.56,0.122
board_1BFJi9GR9EgeQt8GQ9AUhL,8,33.83,0,0,33.83,0.122
board_1BFJi9GR9EgeQt8GQ9AUhL,9,30.32,0,0,30.32,0.122
board_1BFJi9GR9EgeQt8GQ9AUhL,10,33.83,0,0,33.83,0.122
board_1BFJi9GR9EgeQt8GQ9AUhL,11,32.46,0,0,32.46,0.122
board_1BFJi9GR9EgeQt8GQ9AUhL,12,31.69,0,0,31.69,0.122
board_1BFJi9GR9EgeQt8GQ9AWs2,1,19.6,0,0,19.6,0.071
board_1BFJi9GR9EgeQt8GQ9AWs2,2,17.22,0,0,17.22,0.071
board_1BFJi9GR9EgeQt8GQ9AWs2,3,19.1,0,0,19.1,0.071
board_1BFJi9GR9EgeQt8GQ9AWs2,4,18.07,0,0,18.07,0.071
board_1BFJi9GR9EgeQt8GQ9AWs2,5,19.6,0,0,19.6,0.071
board_1BFJi9GR9EgeQt8GQ9AWs2,6,18.31,0,0,18.31,0.071
board_1BFJi9GR9EgeQt8GQ9AWs2,7,18.86,0,0,18.86,0.071
board_1BFJi9GR9EgeQt8GQ9AWs2,8,19.6,0,0,19.6,0.071
board_1BFJi9GR9EgeQt8GQ9AWs2,9,17.57,0,0,17.57,0.071
board_1BFJi9GR9EgeQt8GQ9AWs2,10,19.6,0,0,19.6,0.071
board_1BFJi9GR9EgeQt8GQ9AWs2,11,18.81,0,0,18.81,0.071
board_1BFJi9GR9EgeQt8GQ9AWs2,12,18.36,0,0,18.36,0.071
board_1BFJi9GR9EgeQt8GQ9AYuy,1,4.95,0,0,4.95,0.018
board_1BFJi9GR9EgeQt8GQ9AYuy,2,4.35,0,0,4.35,0.018
board_1BFJi9GR9EgeQt8GQ9AYuy,3,4.82,0,0,4.82,0.018
board_1BFJi9GR9EgeQt8GQ9AYuy,4,4.56,0,0,4.56,0.018
board_1BFJi9GR9EgeQt8GQ9AYuy,5,4.95,0,0,4.95,0.018
board_1BFJi9GR9EgeQt8GQ9AYuy,6,4.62,0,0,4.62,0.018
board_1BFJi9GR9EgeQt8GQ9AYuy,7,4.76,0,0,4.76,0.018
board_1BFJi9GR9EgeQt8GQ9AYuy,8,4.95,0,0,4.95,0.018
board_1BFJi9GR9EgeQt8GQ9AYuy,9,4.44,0,0,4.44,0.018
board_1BFJi9GR9EgeQt8GQ9AYuy,10,4.95,0,0,4.95,0.018
board_1BFJi9GR9EgeQt8GQ9AYuy,11,4.75,0,0,4.75,0.018
board_1BFJi9GR9EgeQt8GQ9AYuy,12,4.64,0,0,4.64,0.018
board_1IIV9b5Dr84eaHsxik87Mo,1,4.71,0,0,4.71,0.017
board_1IIV9b5Dr84eaHsxik87Mo,2,4.14,0,0,4.14,0.017
board_1IIV9b5Dr84eaHsxik87Mo,3,4.59,0,0,4.59,0.017
board_1IIV9b5Dr84eaHsxik87Mo,4,4.34,0,0,4.34,0.017
board_1IIV9b5Dr84eaHsxik87Mo,5,4.71,0,0,4.71,0.017
board_1IIV9b5Dr84eaHsxik87Mo,6,4.4,0,0,4.4,0.017
board_1IIV9b5Dr84eaHsxik87Mo,7,4.54,0,0,4.54,0.017
board_1IIV9b5Dr84eaHsxik87Mo,8,4.71,0,0,4.71,0.017
board_1IIV9b5Dr84eaHsxik87Mo,9,4.22,0,0,4.22,0.017
board_1IIV9b5Dr84eaHsxik87Mo,10,4.71,0,0,4.71,0.017
board_1IIV9b5Dr84eaHsxik87Mo,11,4.52,0,0,4.52,0.017
board_1IIV9b5Dr84eaHsxik87Mo,12,4.41,0,0,4.41,0.017
board_1T4Dk9Ojj9rOi06EMenZ3G,1,1109.64,0,0,1109.64,4.002
board_1T4Dk9Ojj9rOi06EMenZ3G,2,975.04,0,0,975.04,4.002
board_1T4Dk9Ojj9rOi06EMenZ3G,3,1081.16,0,0,1081.16,4.002
board_1T4Dk9Ojj9rOi06EMenZ3G,4,1022.94,0,0,1022.94,4.002
board_1T4Dk9Ojj9rOi06EMenZ3G,5,1109.64,0,0,1109.64,4.002
board_1T4Dk9Ojj9rOi06EMenZ3G,6,1036.29,0,0,1036.29,4.002
board_1T4Dk9Ojj9rOi06EMenZ3G,7,1067.8,0,0,1067.8,4.002
board_1T4Dk9Ojj9rOi06EMenZ3G,8,1109.64,0,0,1109.64,4.002
board_1T4Dk9Ojj9rOi06EMenZ3G,9,994.46,0,0,994.46,4.002
board_1T4Dk9Ojj9rOi06EMenZ3G,10,1109.64,0,0,1109.64,4.002
board_1T4Dk9Ojj9rOi06EMenZ3G,11,1064.77,0,0,1064.77,4.002
board_1T4Dk9Ojj9rOi06EMenZ3G,12,1039.32,0,0,1039.32,4.002
board_1T4Dk9Ojj9rOi06EMenZ3N,1,13758.96,18646.07,5002.05,37407.09,236.558
board_1T4Dk9Ojj9rOi06EMenZ3N,2,12089.96,16439.26,4009.18,32538.39,215.769
board_1T4Dk9Ojj9rOi06EMenZ3N,3,13405.83,18210.87,3680.9,35297.6,157.349
board_1T4Dk9Ojj9rOi06EMenZ3N,4,12683.9,17306.24,11948.6,41938.75,192.435
board_1T4Dk9Ojj9rOi06EMenZ3N,5,13758.96,18646.07,21417.88,53822.91,193.973
board_1T4Dk9Ojj9rOi06EMenZ3N,6,12849.5,17475.26,22366.06,52690.82,195.688
board_1T4Dk9Ojj9rOi06EMenZ3N,7,13240.24,18041.85,23064.99,54347.08,194.969
board_1T4Dk9Ojj9rOi06EMenZ3N,8,13758.96,18646.07,23828.84,56233.87,195.57
board_1T4Dk9Ojj9rOi06EMenZ3N,9,12330.78,16871.04,20805.6,50007.41,191.478
board_1T4Dk9Ojj9rOi06EMenZ3N,10,13758.96,18646.07,16814.4,49219.44,190.394
board_1T4Dk9Ojj9rOi06EMenZ3N,11,13202.63,17910.47,3973.4,35086.49,162.247
board_1T4Dk9Ojj9rOi06EMenZ3N,12,12887.11,17606.65,2382.15,32875.9,160.78
board_1WxTmsBPD4Sf77udYi3J2P,1,87.85,0,0,87.85,0.317
board_1WxTmsBPD4Sf77udYi3J2P,2,77.19,0,0,77.19,0.317
board_1WxTmsBPD4Sf77udYi3J2P,3,85.59,0,0,85.59,0.317
board_1WxTmsBPD4Sf77udYi3J2P,4,80.98,0,0,80.98,0.317
board_1WxTmsBPD4Sf77udYi3J2P,5,87.85,0,0,87.85,0.317
board_1WxTmsBPD4Sf77udYi3J2P,6,82.04,0,0,82.04,0.317
board_1WxTmsBPD4Sf77udYi3J2P,7,84.53,0,0,84.53,0.317
board_1WxTmsBPD4Sf77udYi3J2P,8,87.85,0,0,87.85,0.317
board_1WxTmsBPD4Sf77udYi3J2P,9,78.73,0,0,78.73,0.317
board_1WxTmsBPD4Sf77udYi3J2P,10,87.85,0,0,87.85,0.317
board_1WxTmsBPD4Sf77udYi3J2P,11,84.29,0,0,84.29,0.317
board_1WxTmsBPD4Sf77udYi3J2P,12,82.28,0,0,82.28,0.317
board_1WxTmsBPD4Sf77udYi3J3n,1,53.53,0,0,53.53,0.193
board_1WxTmsBPD4Sf77udYi3J3n,2,47.04,0,0,47.04,0.193
board_1WxTmsBPD4Sf77udYi3J3n,3,52.16,0,0,52.16,0.193
board_1WxTmsBPD4Sf77udYi3J3n,4,49.35,0,0,49.35,0.193
board_1WxTmsBPD4Sf77udYi3J3n,5,53.53,0,0,53.53,0.193
board_1WxTmsBPD4Sf77udYi3J3n,6,49.99,0,0,49.99,0.193
board_1WxTmsBPD4Sf77udYi3J3n,7,51.51,0,0,51.51,0.193
board_1WxTmsBPD4Sf77udYi3J3n,8,53.53,0,0,53.53,0.193
board_1WxTmsBPD4Sf77udYi3J3n,9,47.97,0,0,47.97,0.193
board_1WxTmsBPD4Sf77udYi3J3n,10,53.53,0,0,53.53,0.193
board_1WxTmsBPD4Sf77udYi3J3n,11,51.36,0,0,51.36,0.193
board_1WxTmsBPD4Sf77udYi3J3n,12,50.14,0,0,50.14,0.193
board_1WxTmsBPD4Sf77udYi3J3x,1,8.0,0,0,8.0,0.029
board_1WxTmsBPD4Sf77udYi3J3x,2,7.03,0,0,7.03,0.029
board_1WxTmsBPD4Sf77udYi3J3x,3,7.8,0,0,7.8,0.029
board_1WxTmsBPD4Sf77udYi3J3x,4,7.38,0,0,7.38,0.029
board_1WxTmsBPD4Sf77udYi3J3x,5,8.0,0,0,8.0,0.029
board_1WxTmsBPD4Sf77udYi3J3x,6,7.47,0,0,7.47,0.029
board_1WxTmsBPD4Sf77udYi3J3x,7,7.7,0,0,7.7,0.029
board_1WxTmsBPD4Sf77udYi3J3x,8,8.0,0,0,8.0,0.029
board_1WxTmsBPD4Sf77udYi3J3x,9,7.17,0,0,7.17,0.029
board_1WxTmsBPD4Sf77udYi3J3x,10,8.0,0,0,8.0,0.029
board_1WxTmsBPD4Sf77udYi3J3x,11,7.68,0,0,7.68,0.029
board_1WxTmsBPD4Sf77udYi3J3x,12,7.49,0,0,7.49,0.029
board_1aUKvm5Vn6pB1ZfN1xydf8,1,1628.3,34.12,0,1662.43,5.986
board_1aUKvm5Vn6pB1ZfN1xydf8,2,1430.79,30.08,0,1460.87,5.986
board_1aUKvm5Vn6pB1ZfN1xydf8,3,1586.51,33.33,0,1619.84,5.986
board_1aUKvm5Vn6pB1ZfN1xydf8,4,1501.08,31.67,0,1532.75,5.986
board_1aUKvm5Vn6pB1ZfN1xydf8,5,1628.3,34.12,0,1662.43,5.986
board_1aUKvm5Vn6pB1ZfN1xydf8,6,1520.67,31.98,0,1552.65,5.986
board_1aUKvm5Vn6pB1ZfN1xydf8,7,1566.92,33.02,0,1599.93,5.986
board_1aUKvm5Vn6pB1ZfN1xydf8,8,1628.3,34.12,0,1662.43,5.986
board_1aUKvm5Vn6pB1ZfN1xydf8,9,1459.29,30.87,0,1490.16,5.986
board_1aUKvm5Vn6pB1ZfN1xydf8,10,1628.3,34.12,0,1662.43,5.986
board_1aUKvm5Vn6pB1ZfN1xydf8,11,1562.47,32.78,0,1595.24,5.986
board_1aUKvm5Vn6pB1ZfN1xydf8,12,1525.13,32.22,0,1557.35,5.986
board_1uPDbvw6L0MgNr4AW2hEsV,1,8339.64,47.28,0,8386.93,30.236
board_1uPDbvw6L0MgNr4AW2hEsV,2,7328.02,41.69,0,7369.71,30.236
board_1uPDbvw6L0MgNr4AW2hEsV,3,8125.6,46.18,0,8171.78,30.236
board_1uPDbvw6L0MgNr4AW2hEsV,4,7688.02,43.88,0,7731.91,30.236
board_1uPDbvw6L0MgNr4AW2hEsV,5,8339.64,47.28,0,8386.93,30.236
board_1uPDbvw6L0MgNr4AW2hEsV,6,7788.4,44.31,0,7832.71,30.236
board_1uPDbvw6L0MgNr4AW2hEsV,7,8025.23,45.75,0,8070.98,30.236
board_1uPDbvw6L0MgNr4AW2hEsV,8,8339.64,47.28,0,8386.93,30.236
board_1uPDbvw6L0MgNr4AW2hEsV,9,7473.98,42.78,0,7516.77,30.236
board_1uPDbvw6L0MgNr4AW2hEsV,10,8339.64,47.28,0,8386.93,30.236
board_1uPDbvw6L0MgNr4AW2hEsV,11,8002.44,45.42,0,8047.85,30.236
board_1uPDbvw6L0MgNr4AW2hEsV,12,7811.19,44.65,0,7855.84,30.236
board_1uPDbvw6L0MgNr4AW2hEsX,1,56.41,0,0,56.41,0.203
board_1uPDbvw6L0MgNr4AW2hEsX,2,49.57,0,0,49.57,0.203
board_1uPDbvw6L0MgNr4AW2hEsX,3,54.96,0,0,54.96,0.203
board_1uPDbvw6L0MgNr4AW2hEsX,4,52.0,0,0,52.0,0.203
board_1uPDbvw6L0MgNr4AW2hEsX,5,56.41,0,0,56.41,0.203
board_1uPDbvw6L0MgNr4AW2hEsX,6,52.68,0,0,52.68,0.203
board_1uPDbvw6L0MgNr4AW2hEsX,7,54.28,0,0,54.28,0.203
board_1uPDbvw6L0MgNr4AW2hEsX,8,56.41,0,0,56.41,0.203
board_1uPDbvw6L0MgNr4AW2hEsX,9,50.55,0,0,50.55,0.203
board_1uPDbvw6L0MgNr4AW2hEsX,10,56.41,0,0,56.41,0.203
board_1uPDbvw6L0MgNr4AW2hEsX,11,54.13,0,0,54.13,0.203
board_1uPDbvw6L0MgNr4AW2hEsX,12,52.83,0,0,52.83,0.203
board_1uPDbvw6L0MgNr4AW2hEs_,1,208.86,0,0,208.86,0.753
board_1uPDbvw6L0MgNr4AW2hEs_,2,183.52,0,0,183.52,0.753
board_1uPDbvw6L0MgNr4AW2hEs_,3,203.5,0,0,203.5,0.753
board_1uPDbvw6L0MgNr4AW2hEs_,4,192.54,0,0,192.54,0.753
board_1uPDbvw6L0MgNr4AW2hEs_,5,208.86,0,0,208.86,0.753
board_1uPDbvw6L0MgNr4AW2hEs_,6,195.05,0,0,195.05,0.753
board_1uPDbvw6L0MgNr4AW2hEs_,7,200.98,0,0,200.98,0.753
board_1uPDbvw6L0MgNr4AW2hEs_,8,208.86,0,0,208.86,0.753
board_1uPDbvw6L0MgNr4AW2hEs_,9,187.18,0,0,187.18,0.753
board_1uPDbvw6L0MgNr4AW2hEs_,10,208.86,0,0,208.86,0.753
board_1uPDbvw6L0MgNr4AW2hEs_,11,200.41,0,0,200.41,0.753
board_1uPDbvw6L0MgNr4AW2hEs_,12,195.62,0,0,195.62,0.753
board_1uPDbvw6L0MgNr4AW2hEtU,1,1623.08,10541.52,5044.46,17209.06,123.214
board_1uPDbvw6L0MgNr4AW2hEtU,2,1426.2,9293.9,4388.19,15108.29,120.201
board_1uPDbvw6L0MgNr4AW2hEtU,3,1581.42,10295.47,1677.02,13553.91,89.965
board_1uPDbvw6L0MgNr4AW2hEtU,4,1496.26,9784.05,8213.31,19493.61,109.661
board_1uPDbvw6L0MgNr4AW2hEtU,5,1623.08,10541.52,17853.58,30018.18,111.186
board_1uPDbvw6L0MgNr4AW2hEtU,6,1515.8,9879.6,18969.24,30364.63,113.1
board_1uPDbvw6L0MgNr4AW2hEtU,7,1561.89,10199.92,19654.37,31416.18,112.798
board_1uPDbvw6L0MgNr4AW2hEtU,8,1623.08,10541.52,20254.52,32419.12,113.081
board_1uPDbvw6L0MgNr4AW2hEtU,9,1454.6,9538.0,17545.87,28538.48,109.061
board_1uPDbvw6L0MgNr4AW2hEtU,10,1623.08,10541.52,13254.3,25418.89,107.743
board_1uPDbvw6L0MgNr4AW2hEtU,11,1557.45,10125.64,1579.76,13262.86,69.89
board_1uPDbvw6L0MgNr4AW2hEtU,12,1520.23,9953.88,1914.4,13388.51,107.655
board_29TNjzyaLFhP4y0nNcCYsr,1,224.09,0,0,224.09,0.808
board_29TNjzyaLFhP4y0nNcCYsr,2,196.91,0,0,196.91,0.808
board_29TNjzyaLFhP4y0nNcCYsr,3,218.34,0,0,218.34,0.808
board_29TNjzyaLFhP4y0nNcCYsr,4,206.58,0,0,206.58,0.808
board_29TNjzyaLFhP4y0nNcCYsr,5,224.09,0,0,224.09,0.808
board_29TNjzyaLFhP4y0nNcCYsr,6,209.28,0,0,209.28,0.808
board_29TNjzyaLFhP4y0nNcCYsr,7,215.64,0,0,215.64,0.808
board_29TNjzyaLFhP4y0nNcCYsr,8,224.09,0,0,224.09,0.808
board_29TNjzyaLFhP4y0nNcCYsr,9,200.83,0,0,200.83,0.808
board_29TNjzyaLFhP4y0nNcCYsr,10,224.09,0,0,224.09,0.808
board_29TNjzyaLFhP4y0nNcCYsr,11,215.03,0,0,215.03,0.808
board_29TNjzyaLFhP4y0nNcCYsr,12,209.89,0,0,209.89,0.808
board_2CLLxwql1ENgOMn_rShACC,1,57.81,0,0,57.81,0.209
board_2CLLxwql1ENgOMn_rShACC,2,50.8,0,0,50.8,0.209
board_2CLLxwql1ENgOMn_rShACC,3,56.33,0,0,56.33,0.209
board_2CLLxwql1ENgOMn_rShACC,4,53.29,0,0,53.29,0.209
board_2CLLxwql1ENgOMn_rShACC,5,57.81,0,0,57.81,0.209
board_2CLLxwql1ENgOMn_rShACC,6,53.99,0,0,53.99,0.209
board_2CLLxwql1ENgOMn_rShACC,7,55.63,0,0,55.63,0.209
board_2CLLxwql1ENgOMn_rShACC,8,57.81,0,0,57.81,0.209
board_2CLLxwql1ENgOMn_rShACC,9,51.81,0,0,51.81,0.209
board_2CLLxwql1ENgOMn_rShACC,10,57.81,0,0,57.81,0.209
board_2CLLxwql1ENgOMn_rShACC,11,55.47,0,0,55.47,0.209
board_2CLLxwql1ENgOMn_rShACC,12,54.15,0,0,54.15,0.209
board_2CLLxwql1ENgOMn_rShACR,1,1659.28,8872.94,0,10532.22,35.291
board_2CLLxwql1ENgOMn_rShACR,2,1458.0,7822.8,0,9280.81,35.291
board_2CLLxwql1ENgOMn_rShACR,3,1616.69,8665.84,0,10282.54,35.291
board_2CLLxwql1ENgOMn_rShACR,4,1529.63,8235.37,0,9765.0,35.291
board_2CLLxwql1ENgOMn_rShACR,5,1659.28,8872.94,0,10532.22,35.291
board_2CLLxwql1ENgOMn_rShACR,6,1549.6,8315.8,0,9865.4,35.291
board_2CLLxwql1ENgOMn_rShACR,7,1596.72,8585.42,0,10182.14,35.291
board_2CLLxwql1ENgOMn_rShACR,8,1659.28,8872.94,0,10532.22,35.291
board_2CLLxwql1ENgOMn_rShACR,9,1487.04,8028.27,0,9515.32,35.291
board_2CLLxwql1ENgOMn_rShACR,10,1659.28,8872.94,0,10532.22,35.291
board_2CLLxwql1ENgOMn_rShACR,11,1592.19,8522.9,0,10115.08,35.291
board_2CLLxwql1ENgOMn_rShACR,12,1554.14,8378.32,0,9932.46,35.291
board_2ILcbW7IvEOAriHq5LuDGn,1,1684.0,1567.49,0,3251.48,11.251
board_2ILcbW7IvEOAriHq5LuDGn,2,1479.72,1381.97,0,2861.69,11.251
board_2ILcbW7IvEOAriHq5LuDGn,3,1640.77,1530.9,0,3171.68,11.251
board_2ILcbW7IvEOAriHq5LuDGn,4,1552.42,1454.86,0,3007.27,11.251
board_2ILcbW7IvEOAriHq5LuDGn,5,1684.0,1567.49,0,3251.48,11.251
board_2ILcbW7IvEOAriHq5LuDGn,6,1572.68,1469.06,0,3041.75,11.251
board_2ILcbW7IvEOAriHq5LuDGn,7,1620.51,1516.7,0,3137.2,11.251
board_2ILcbW7IvEOAriHq5LuDGn,8,1684.0,1567.49,0,3251.48,11.251
board_2ILcbW7IvEOAriHq5LuDGn,9,1509.2,1418.27,0,2927.47,11.251
board_2ILcbW7IvEOAriHq5LuDGn,10,1684.0,1567.49,0,3251.48,11.251
board_2ILcbW7IvEOAriHq5LuDGn,11,1615.9,1505.65,0,3121.55,11.251
board_2ILcbW7IvEOAriHq5LuDGn,12,1577.29,1480.11,0,3057.4,11.251
board_2Nl2KpUg9CfPXj33hGJG3g,1,4381.75,30.74,0,4412.49,15.906
board_2Nl2KpUg9CfPXj33hGJG3g,2,3850.23,27.11,0,3877.34,15.906
board_2Nl2KpUg9CfPXj33hGJG3g,3,4269.29,30.03,0,4299.32,15.906
board_2Nl2KpUg9CfPXj33hGJG3g,4,4039.38,28.54,0,4067.92,15.906
board_2Nl2KpUg9CfPXj33hGJG3g,5,4381.75,30.74,0,4412.49,15.906
board_2Nl2KpUg9CfPXj33hGJG3g,6,4092.12,28.81,0,4120.93,15.906
board_2Nl2KpUg9CfPXj33hGJG3g,7,4216.55,29.75,0,4246.3,15.906
board_2Nl2KpUg9CfPXj33hGJG3g,8,4381.75,30.74,0,4412.49,15.906
board_2Nl2KpUg9CfPXj33hGJG3g,9,3926.92,27.82,0,3954.74,15.906
board_2Nl2KpUg9CfPXj33hGJG3g,10,4381.75,30.74,0,4412.49,15.906
board_2Nl2KpUg9CfPXj33hGJG3g,11,4204.58,29.53,0,4234.11,15.906
board_2Nl2KpUg9CfPXj33hGJG3g,12,4104.09,29.03,0,4133.13,15.906
board_3JIKR4ApD9Zubrv_yC0GIX,1,645.95,746.2,0,1392.15,4.794
board_3JIKR4ApD9Zubrv_yC0GIX,2,567.59,657.88,0,1225.48,4.794
board_3JIKR4ApD9Zubrv_yC0GIX,3,629.37,728.78,0,1358.15,4.794
board_3JIKR4ApD9Zubrv_yC0GIX,4,595.48,692.58,0,1288.06,4.794
board_3JIKR4ApD9Zubrv_yC0GIX,5,645.95,746.2,0,1392.15,4.794
board_3JIKR4ApD9Zubrv_yC0GIX,6,603.25,699.34,0,1302.6,4.794
board_3JIKR4ApD9Zubrv_yC0GIX,7,621.6,722.02,0,1343.62,4.794
board_3JIKR4ApD9Zubrv_yC0GIX,8,645.95,746.2,0,1392.15,4.794
board_3JIKR4ApD9Zubrv_yC0GIX,9,578.9,675.16,0,1254.06,4.794
board_3JIKR4ApD9Zubrv_yC0GIX,10,645.95,746.2,0,1392.15,4.794
board_3JIKR4ApD9Zubrv_yC0GIX,11,619.83,716.76,0,1336.59,4.794
board_3JIKR4ApD9Zubrv_yC0GIX,12,605.02,704.6,0,1309.62,4.794
board_3JIKR4ApD9Zubrv_yC0GIg,1,10704.88,13273.85,0,23978.73,82.452
board_3JIKR4ApD9Zubrv_yC0GIg,2,9406.35,11702.85,0,21109.2,82.452
board_3JIKR4ApD9Zubrv_yC0GIg,3,10430.14,12964.03,0,23394.17,82.452
board_3JIKR4ApD9Zubrv_yC0GIg,4,9868.46,12320.04,0,22188.5,82.452
board_3JIKR4ApD9Zubrv_yC0GIg,5,10704.88,13273.85,0,23978.73,82.452
board_3JIKR4ApD9Zubrv_yC0GIg,6,9997.29,12440.36,0,22437.66,82.452
board_3JIKR4ApD9Zubrv_yC0GIg,7,10301.3,12843.71,0,23145.01,82.452
board_3JIKR4ApD9Zubrv_yC0GIg,8,10704.88,13273.85,0,23978.73,82.452
board_3JIKR4ApD9Zubrv_yC0GIg,9,9593.71,12010.23,0,21603.94,82.452
board_3JIKR4ApD9Zubrv_yC0GIg,10,10704.88,13273.85,0,23978.73,82.452
board_3JIKR4ApD9Zubrv_yC0GIg,11,10272.04,12750.18,0,23022.22,82.452
board_3JIKR4ApD9Zubrv_yC0GIg,12,10026.56,12533.89,0,22560.45,82.452
board_3N5QrrVL56chghraBSbwWJ,1,253.72,0,0,253.72,0.915
board_3N5QrrVL56chghraBSbwWJ,2,222.94,0,0,222.94,0.915
board_3N5QrrVL56chghraBSbwWJ,3,247.21,0,0,247.21,0.915
board_3N5QrrVL56chghraBSbwWJ,4,233.9,0,0,233.9,0.915
board_3N5QrrVL56chghraBSbwWJ,5,253.72,0,0,253.72,0.915
board_3N5QrrVL56chghraBSbwWJ,6,236.95,0,0,236.95,0.915
board_3N5QrrVL56chghraBSbwWJ,7,244.16,0,0,244.16,0.915
board_3N5QrrVL56chghraBSbwWJ,8,253.72,0,0,253.72,0.915
board_3N5QrrVL56chghraBSbwWJ,9,227.38,0,0,227.38,0.915
board_3N5QrrVL56chghraBSbwWJ,10,253.72,0,0,253.72,0.915
board_3N5QrrVL56chghraBSbwWJ,11,243.46,0,0,243.46,0.915
board_3N5QrrVL56chghraBSbwWJ,12,237.64,0,0,237.64,0.915
board_3N5QrrVL56chghraBSbwdo,1,442.05,0,0,442.05,1.594
board_3N5QrrVL56chghraBSbwdo,2,388.43,0,0,388.43,1.594
board_3N5QrrVL56chghraBSbwdo,3,430.7,0,0,430.7,1.594
board_3N5QrrVL56chghraBSbwdo,4,407.51,0,0,407.51,1.594
board_3N5QrrVL56chghraBSbwdo,5,442.05,0,0,442.05,1.594
board_3N5QrrVL56chghraBSbwdo,6,412.83,0,0,412.83,1.594
board_3N5QrrVL56chghraBSbwdo,7,425.38,0,0,425.38,1.594
board_3N5QrrVL56chghraBSbwdo,8,442.05,0,0,442.05,1.594
board_3N5QrrVL56chghraBSbwdo,9,396.16,0,0,396.16,1.594
board_3N5QrrVL56chghraBSbwdo,10,442.05,0,0,442.05,1.594
board_3N5QrrVL56chghraBSbwdo,11,424.18,0,0,424.18,1.594
board_3N5QrrVL56chghraBSbwdo,12,414.04,0,0,414.04,1.594
board_3Sg96Yq1H0KeIY_4TWSyoS,1,12.51,0,0,12.51,0.045
board_3Sg96Yq1H0KeIY_4TWSyoS,2,11.0,0,0,11.0,0.045
board_3Sg96Yq1H0KeIY_4TWSyoS,3,12.19,0,0,12.19,0.045
board_3Sg96Yq1H0KeIY_4TWSyoS,4,11.54,0,0,11.54,0.045
board_3Sg96Yq1H0KeIY_4TWSyoS,5,12.51,0,0,12.51,0.045
board_3Sg96Yq1H0KeIY_4TWSyoS,6,11.69,0,0,11.69,0.045
board_3Sg96Yq1H0KeIY_4TWSyoS,7,12.04,0,0,12.04,0.045
board_3Sg96Yq1H0KeIY_4TWSyoS,8,12.51,0,0,12.51,0.045
board_3Sg96Yq1H0KeIY_4TWSyoS,9,11.21,0,0,11.21,0.045
board_3Sg96Yq1H0KeIY_4TWSyoS,10,12.51,0,0,12.51,0.045
board_3Sg96Yq1H0KeIY_4TWSyoS,11,12.01,0,0,12.01,0.045
board_3Sg96Yq1H0KeIY_4TWSyoS,12,11.72,0,0,11.72,0.045
board_3Sg96Yq1H0KeIY_4TWSyoV,1,1473.33,0,0,1473.33,5.314
board_3Sg96Yq1H0KeIY_4TWSyoV,2,1294.61,0,0,1294.61,5.314
board_3Sg96Yq1H0KeIY_4TWSyoV,3,1435.52,0,0,1435.52,5.314
board_3Sg96Yq1H0KeIY_4TWSyoV,4,1358.21,0,0,1358.21,5.314
board_3Sg96Yq1H0KeIY_4TWSyoV,5,1473.33,0,0,1473.33,5.314
board_3Sg96Yq1H0KeIY_4TWSyoV,6,1375.94,0,0,1375.94,5.314
board_3Sg96Yq1H0KeIY_4TWSyoV,7,1417.78,0,0,1417.78,5.314
board_3Sg96Yq1H0KeIY_4TWSyoV,8,1473.33,0,0,1473.33,5.314
board_3Sg96Yq1H0KeIY_4TWSyoV,9,1320.4,0,0,1320.4,5.314
board_3Sg96Yq1H0KeIY_4TWSyoV,10,1473.33,0,0,1473.33,5.314
board_3Sg96Yq1H0KeIY_4TWSyoV,11,1413.76,0,0,1413.76,5.314
board_3Sg96Yq1H0KeIY_4TWSyoV,12,1379.97,0,0,1379.97,5.314
board_3Sg96Yq1H0KeIY_4TWSyoW,1,17.9,0,0,17.9,0.065
board_3Sg96Yq1H0KeIY_4TWSyoW,2,15.73,0,0,15.73,0.065
board_3Sg96Yq1H0KeIY_4TWSyoW,3,17.44,0,0,17.44,0.065
board_3Sg96Yq1H0KeIY_4TWSyoW,4,16.5,0,0,16.5,0.065
board_3Sg96Yq1H0KeIY_4TWSyoW,5,17.9,0,0,17.9,0.065
board_3Sg96Yq1H0KeIY_4TWSyoW,6,16.72,0,0,16.72,0.065
board_3Sg96Yq1H0KeIY_4TWSyoW,7,17.23,0,0,17.23,0.065
board_3Sg96Yq1H0KeIY_4TWSyoW,8,17.9,0,0,17.9,0.065
board_3Sg96Yq1H0KeIY_4TWSyoW,9,16.04,0,0,16.04,0.065
board_3Sg96Yq1H0KeIY_4TWSyoW,10,17.9,0,0,17.9,0.065
board_3Sg96Yq1H0KeIY_4TWSyoW,11,17.18,0,0,17.18,0.065
board_3Sg96Yq1H0KeIY_4TWSyoW,12,16.77,0,0,16.77,0.065
board_3Sg96Yq1H0KeIY_4TWSyoY,1,9352.74,13288.83,0,22641.58,77.625
board_3Sg96Yq1H0KeIY_4TWSyoY,2,8218.23,11716.06,0,19934.29,77.625
board_3Sg96Yq1H0KeIY_4TWSyoY,3,9112.7,12978.67,0,22091.37,77.625
board_3Sg96Yq1H0KeIY_4TWSyoY,4,8621.97,12333.95,0,20955.92,77.625
board_3Sg96Yq1H0KeIY_4TWSyoY,5,9352.74,13288.83,0,22641.58,77.625
board_3Sg96Yq1H0KeIY_4TWSyoY,6,8734.53,12454.41,0,21188.94,77.625
board_3Sg96Yq1H0KeIY_4TWSyoY,7,9000.14,12858.21,0,21858.35,77.625
board_3Sg96Yq1H0KeIY_4TWSyoY,8,9352.74,13288.83,0,22641.58,77.625
board_3Sg96Yq1H0KeIY_4TWSyoY,9,8381.92,12023.79,0,20405.71,77.625
board_3Sg96Yq1H0KeIY_4TWSyoY,10,9352.74,13288.83,0,22641.58,77.625
board_3Sg96Yq1H0KeIY_4TWSyoY,11,8974.57,12764.58,0,21739.15,77.625
board_3Sg96Yq1H0KeIY_4TWSyoY,12,8760.1,12548.04,0,21308.14,77.625
board_3Sg96Yq1H0KeIY_4TWSyoZ,1,673.09,759.4,0,1432.49,4.936
board_3Sg96Yq1H0KeIY_4TWSyoZ,2,591.44,669.52,0,1260.96,4.936
board_3Sg96Yq1H0KeIY_4TWSyoZ,3,655.81,741.68,0,1397.49,4.936
board_3Sg96Yq1H0KeIY_4TWSyoZ,4,620.49,704.83,0,1325.33,4.936
board_3Sg96Yq1H0KeIY_4TWSyoZ,5,673.09,759.4,0,1432.49,4.936
board_3Sg96Yq1H0KeIY_4TWSyoZ,6,628.6,711.72,0,1340.31,4.936
board_3Sg96Yq1H0KeIY_4TWSyoZ,7,647.71,734.79,0,1382.5,4.936
board_3Sg96Yq1H0KeIY_4TWSyoZ,8,673.09,759.4,0,1432.49,4.936
board_3Sg96Yq1H0KeIY_4TWSyoZ,9,603.22,687.11,0,1290.33,4.936
board_3Sg96Yq1H0KeIY_4TWSyoZ,10,673.09,759.4,0,1432.49,4.936
board_3Sg96Yq1H0KeIY_4TWSyoZ,11,645.87,729.44,0,1375.31,4.936
board_3Sg96Yq1H0KeIY_4TWSyoZ,12,630.44,717.07,0,1347.5,4.936
board_3Sg96Yq1H0KeIY_4TWSyoa,1,56.02,0,0,56.02,0.202
board_3Sg96Yq1H0KeIY_4TWSyoa,2,49.23,0,0,49.23,0.202
board_3Sg96Yq1H0KeIY_4TWSyoa,3,54.58,0,0,54.58,0.202
board_3Sg96Yq1H0KeIY_4TWSyoa,4,51.65,0,0,51.65,0.202
board_3Sg96Yq1H0KeIY_4TWSyoa,5,56.02,0,0,56.02,0.202
board_3Sg96Yq1H0KeIY_4TWSyoa,6,52.32,0,0,52.32,0.202
board_3Sg96Yq1H0KeIY_4TWSyoa,7,53.91,0,0,53.91,0.202
board_3Sg96Yq1H0KeIY_4TWSyoa,8,56.02,0,0,56.02,0.202
board_3Sg96Yq1H0KeIY_4TWSyoa,9,50.21,0,0,50.21,0.202
board_3Sg96Yq1H0KeIY_4TWSyoa,10,56.02,0,0,56.02,0.202
board_3Sg96Yq1H0KeIY_4TWSyoa,11,53.76,0,0,53.76,0.202
board_3Sg96Yq1H0KeIY_4TWSyoa,12,52.47,0,0,52.47,0.202
board_3Sg96Yq1H0KeIY_4TWSyob,1,7342.29,1518.5,5168.84,14029.63,142.946
board_3Sg96Yq1H0KeIY_4TWSyob,2,6451.65,1338.78,4464.4,12254.83,134.184
board_3Sg96Yq1H0KeIY_4TWSyob,3,7153.85,1483.06,3203.26,11840.17,91.51
board_3Sg96Yq1H0KeIY_4TWSyob,4,6768.6,1409.39,11326.29,19504.28,116.383
board_3Sg96Yq1H0KeIY_4TWSyob,5,7342.29,1518.5,22015.14,30875.94,117.949
board_3Sg96Yq1H0KeIY_4TWSyob,6,6856.97,1423.15,23381.54,31661.67,120.714
board_3Sg96Yq1H0KeIY_4TWSyob,7,7065.48,1469.29,24236.62,32771.4,120.265
board_3Sg96Yq1H0KeIY_4TWSyob,8,7342.29,1518.5,24979.26,33840.05,120.544
board_3Sg96Yq1H0KeIY_4TWSyob,9,6580.16,1373.94,21532.09,29486.19,115.395
board_3Sg96Yq1H0KeIY_4TWSyob,10,7342.29,1518.5,16990.55,25851.35,114.144
board_3Sg96Yq1H0KeIY_4TWSyob,11,7045.41,1458.59,3672.42,12176.43,75.259
board_3Sg96Yq1H0KeIY_4TWSyob,12,6877.04,1433.85,2627.27,10938.16,112.419
board_3Sg96Yq1H0KeIY_4TWSyoh,1,1674.65,1571.18,0,3245.83,11.23
board_3Sg96Yq1H0KeIY_4TWSyoh,2,1471.51,1385.23,0,2856.73,11.23
board_3Sg96Yq1H0KeIY_4TWSyoh,3,1631.67,1534.51,0,3166.18,11.23
board_3Sg96Yq1H0KeIY_4TWSyoh,4,1543.8,1458.28,0,3002.08,11.23
board_3Sg96Yq1H0KeIY_4TWSyoh,5,1674.65,1571.18,0,3245.83,11.23
board_3Sg96Yq1H0KeIY_4TWSyoh,6,1563.95,1472.53,0,3036.48,11.23
board_3Sg96Yq1H0KeIY_4TWSyoh,7,1611.51,1520.27,0,3131.78,11.23
board_3Sg96Yq1H0KeIY_4TWSyoh,8,1674.65,1571.18,0,3245.83,11.23
board_3Sg96Yq1H0KeIY_4TWSyoh,9,1500.82,1421.61,0,2922.43,11.23
board_3Sg96Yq1H0KeIY_4TWSyoh,10,1674.65,1571.18,0,3245.83,11.23
board_3Sg96Yq1H0KeIY_4TWSyoh,11,1606.93,1509.2,0,3116.13,11.23
board_3Sg96Yq1H0KeIY_4TWSyoh,12,1568.53,1483.6,0,3052.13,11.23
board_3Sg96Yq1H0KeIY_4TWSz78,1,101.03,0,0,101.03,0.364
board_3Sg96Yq1H0KeIY_4TWSz78,2,88.78,0,0,88.78,0.364
board_3Sg96Yq1H0KeIY_4TWSz78,3,98.44,0,0,98.44,0.364
board_3Sg96Yq1H0KeIY_4TWSz78,4,93.14,0,0,93.14,0.364
board_3Sg96Yq1H0KeIY_4TWSz78,5,101.03,0,0,101.03,0.364
board_3Sg96Yq1H0KeIY_4TWSz78,6,94.36,0,0,94.36,0.364
board_3Sg96Yq1H0KeIY_4TWSz78,7,97.22,0,0,97.22,0.364
board_3Sg96Yq1H0KeIY_4TWSz78,8,101.03,0,0,101.03,0.364
board_3Sg96Yq1H0KeIY_4TWSz78,9,90.55,0,0,90.55,0.364
board_3Sg96Yq1H0KeIY_4TWSz78,10,101.03,0,0,101.03,0.364
board_3Sg96Yq1H0KeIY_4TWSz78,11,96.95,0,0,96.95,0.364
board_3Sg96Yq1H0KeIY_4TWSz78,12,94.63,0,0,94.63,0.364
board_3Sg96Yq1H0KeIY_4TWSz79,1,12.2,0,0,12.2,0.044
board_3Sg96Yq1H0KeIY_4TWSz79,2,10.72,0,0,10.72,0.044
board_3Sg96Yq1H0KeIY_4TWSz79,3,11.89,0,0,11.89,0.044
board_3Sg96Yq1H0KeIY_4TWSz79,4,11.25,0,0,11.25,0.044
board_3Sg96Yq1H0KeIY_4TWSz79,5,12.2,0,0,12.2,0.044
board_3Sg96Yq1H0KeIY_4TWSz79,6,11.39,0,0,11.39,0.044
board_3Sg96Yq1H0KeIY_4TWSz79,7,11.74,0,0,11.74,0.044
board_3Sg96Yq1H0KeIY_4TWSz79,8,12.2,0,0,12.2,0.044
board_3Sg96Yq1H0KeIY_4TWSz79,9,10.93,0,0,10.93,0.044
board_3Sg96Yq1H0KeIY_4TWSz79,10,12.2,0,0,12.2,0.044
board_3Sg96Yq1H0KeIY_4TWSz79,11,11.71,0,0,11.71,0.044
board_3Sg96Yq1H0KeIY_4TWSz79,12,11.43,0,0,11.43,0.044
board_3Sg96Yq1H0KeIY_4TWSz7H,1,42.75,0,0,42.75,0.154
board_3Sg96Yq1H0KeIY_4TWSz7H,2,37.57,0,0,37.57,0.154
board_3Sg96Yq1H0KeIY_4TWSz7H,3,41.65,0,0,41.65,0.154
board_3Sg96Yq1H0KeIY_4TWSz7H,4,39.41,0,0,39.41,0.154
board_3Sg96Yq1H0KeIY_4TWSz7H,5,42.75,0,0,42.75,0.154
board_3Sg96Yq1H0KeIY_4TWSz7H,6,39.93,0,0,39.93,0.154
board_3Sg96Yq1H0KeIY_4TWSz7H,7,41.14,0,0,41.14,0.154
board_3Sg96Yq1H0KeIY_4TWSz7H,8,42.75,0,0,42.75,0.154
board_3Sg96Yq1H0KeIY_4TWSz7H,9,38.31,0,0,38.31,0.154
board_3Sg96Yq1H0KeIY_4TWSz7H,10,42.75,0,0,42.75,0.154
board_3Sg96Yq1H0KeIY_4TWSz7H,11,41.02,0,0,41.02,0.154
board_3Sg96Yq1H0KeIY_4TWSz7H,12,40.04,0,0,40.04,0.154
board_3Sg96Yq1H0KeIY_4TWSz7S,1,396.17,325.55,0,721.72,2.504
board_3Sg96Yq1H0KeIY_4TWSz7S,2,348.12,287.02,0,635.13,2.504
board_3Sg96Yq1H0KeIY_4TWSz7S,3,386.01,317.95,0,703.95,2.504
board_3Sg96Yq1H0KeIY_4TWSz7S,4,365.22,302.15,0,667.37,2.504
board_3Sg96Yq1H0KeIY_4TWSz7S,5,396.17,325.55,0,721.72,2.504
board_3Sg96Yq1H0KeIY_4TWSz7S,6,369.99,305.1,0,675.09,2.504
board_3Sg96Yq1H0KeIY_4TWSz7S,7,381.24,315.0,0,696.23,2.504
board_3Sg96Yq1H0KeIY_4TWSz7S,8,396.17,325.55,0,721.72,2.504
board_3Sg96Yq1H0KeIY_4TWSz7S,9,355.05,294.56,0,649.61,2.504
board_3Sg96Yq1H0KeIY_4TWSz7S,10,396.17,325.55,0,721.72,2.504
board_3Sg96Yq1H0KeIY_4TWSz7S,11,380.15,312.7,0,692.86,2.504
board_3Sg96Yq1H0KeIY_4TWSz7S,12,371.07,307.4,0,678.47,2.504
board_3Sg96Yq1H0KeIY_4TWSz7T,1,3024.39,0,0,3024.39,10.908
board_3Sg96Yq1H0KeIY_4TWSz7T,2,2657.52,0,0,2657.52,10.908
board_3Sg96Yq1H0KeIY_4TWSz7T,3,2946.77,0,0,2946.77,10.908
board_3Sg96Yq1H0KeIY_4TWSz7T,4,2788.08,0,0,2788.08,10.908
board_3Sg96Yq1H0KeIY_4TWSz7T,5,3024.39,0,0,3024.39,10.908
board_3Sg96Yq1H0KeIY_4TWSz7T,6,2824.48,0,0,2824.48,10.908
board_3Sg96Yq1H0KeIY_4TWSz7T,7,2910.37,0,0,2910.37,10.908
board_3Sg96Yq1H0KeIY_4TWSz7T,8,3024.39,0,0,3024.39,10.908
board_3Sg96Yq1H0KeIY_4TWSz7T,9,2710.46,0,0,2710.46,10.908
board_3Sg96Yq1H0KeIY_4TWSz7T,10,3024.39,0,0,3024.39,10.908
board_3Sg96Yq1H0KeIY_4TWSz7T,11,2902.1,0,0,2902.1,10.908
board_3Sg96Yq1H0KeIY_4TWSz7T,12,2832.75,0,0,2832.75,10.908
board_3Sg96Yq1H0KeIY_4TWSz7U,1,5795.29,1552.7,5431.41,12779.4,140.83
board_3Sg96Yq1H0KeIY_4TWSz7U,2,5092.3,1368.93,4716.83,11178.06,130.229
board_3Sg96Yq1H0KeIY_4TWSz7U,3,5646.55,1516.46,3646.81,10809.82,86.584
board_3Sg96Yq1H0KeIY_4TWSz7U,4,5342.48,1441.13,11970.63,18754.23,114.846
board_3Sg96Yq1H0KeIY_4TWSz7U,5,5795.29,1552.7,23012.9,30360.89,116.724
board_3Sg96Yq1H0KeIY_4TWSz7U,6,5412.22,1455.2,24456.4,31323.83,119.806
board_3Sg96Yq1H0KeIY_4TWSz7U,7,5576.8,1502.38,25381.88,32461.06,119.429
board_3Sg96Yq1H0KeIY_4TWSz7U,8,5795.29,1552.7,26157.94,33505.93,119.709
board_3Sg96Yq1H0KeIY_4TWSz7U,9,5193.74,1404.89,22491.21,29089.83,114.058
board_3Sg96Yq1H0KeIY_4TWSz7U,10,5795.29,1552.7,17797.02,25145.01,112.62
board_3Sg96Yq1H0KeIY_4TWSz7U,11,5560.96,1491.44,4202.24,11254.64,72.499
board_3Sg96Yq1H0KeIY_4TWSz7U,12,5428.07,1466.14,2986.86,9881.07,107.673
board_3Sg96Yq1H0KeIY_4TWSz7V,1,10838.66,15868.3,0,26706.96,91.504
board_3Sg96Yq1H0KeIY_4TWSz7V,2,9523.9,13990.24,0,23514.14,91.504
board_3Sg96Yq1H0KeIY_4TWSz7V,3,10560.48,15497.93,0,26058.41,91.504
board_3Sg96Yq1H0KeIY_4TWSz7V,4,9991.78,14728.07,0,24719.85,91.504
board_3Sg96Yq1H0KeIY_4TWSz7V,5,10838.66,15868.3,0,26706.96,91.504
board_3Sg96Yq1H0KeIY_4TWSz7V,6,10122.23,14871.91,0,24994.14,91.504
board_3Sg96Yq1H0KeIY_4TWSz7V,7,10430.03,15354.09,0,25784.12,91.504
board_3Sg96Yq1H0KeIY_4TWSz7V,8,10838.66,15868.3,0,26706.96,91.504
board_3Sg96Yq1H0KeIY_4TWSz7V,9,9713.6,14357.7,0,24071.3,91.504
board_3Sg96Yq1H0KeIY_4TWSz7V,10,10838.66,15868.3,0,26706.96,91.504
board_3Sg96Yq1H0KeIY_4TWSz7V,11,10400.4,15242.28,0,25642.68,91.504
board_3Sg96Yq1H0KeIY_4TWSz7V,12,10151.85,14983.72,0,25135.57,91.504
board_3Sg96Yq1H0KeIY_4TWSz7a,1,1091.36,109.45,0,1200.81,4.298
board_3Sg96Yq1H0KeIY_4TWSz7a,2,958.97,96.5,0,1055.47,4.298
board_3Sg96Yq1H0KeIY_4TWSz7a,3,1063.35,106.9,0,1170.25,4.298
board_3Sg96Yq1H0KeIY_4TWSz7a,4,1006.08,101.59,0,1107.67,4.298
board_3Sg96Yq1H0KeIY_4TWSz7a,5,1091.36,109.45,0,1200.81,4.298
board_3Sg96Yq1H0KeIY_4TWSz7a,6,1019.22,102.58,0,1121.8,4.298
board_3Sg96Yq1H0KeIY_4TWSz7a,7,1050.21,105.91,0,1156.12,4.298
board_3Sg96Yq1H0KeIY_4TWSz7a,8,1091.36,109.45,0,1200.81,4.298
board_3Sg96Yq1H0KeIY_4TWSz7a,9,978.07,99.03,0,1077.11,4.298
board_3Sg96Yq1H0KeIY_4TWSz7a,10,1091.36,109.45,0,1200.81,4.298
board_3Sg96Yq1H0KeIY_4TWSz7a,11,1047.23,105.14,0,1152.36,4.298
board_3Sg96Yq1H0KeIY_4TWSz7a,12,1022.2,103.35,0,1125.55,4.298
board_3_XGvzQVX2IO92jk20E2MP,1,10.39,0,0,10.39,0.037
board_3_XGvzQVX2IO92jk20E2MP,2,9.13,0,0,9.13,0.037
board_3_XGvzQVX2IO92jk20E2MP,3,10.12,0,0,10.12,0.037
board_3_XGvzQVX2IO92jk20E2MP,4,9.58,0,0,9.58,0.037
board_3_XGvzQVX2IO92jk20E2MP,5,10.39,0,0,10.39,0.037
board_3_XGvzQVX2IO92jk20E2MP,6,9.7,0,0,9.7,0.037
board_3_XGvzQVX2IO92jk20E2MP,7,10.0,0,0,10.0,0.037
board_3_XGvzQVX2IO92jk20E2MP,8,10.39,0,0,10.39,0.037
board_3_XGvzQVX2IO92jk20E2MP,9,9.31,0,0,9.31,0.037
board_3_XGvzQVX2IO92jk20E2MP,10,10.39,0,0,10.39,0.037
board_3_XGvzQVX2IO92jk20E2MP,11,9.97,0,0,9.97,0.037
board_3_XGvzQVX2IO92jk20E2MP,12,9.73,0,0,9.73,0.037
board_3_XGvzQVX2IO92jk20E2M_,1,231.2,0,0,231.2,0.834
board_3_XGvzQVX2IO92jk20E2M_,2,203.15,0,0,203.15,0.834
board_3_XGvzQVX2IO92jk20E2M_,3,225.26,0,0,225.26,0.834
board_3_XGvzQVX2IO92jk20E2M_,4,213.13,0,0,213.13,0.834
board_3_XGvzQVX2IO92jk20E2M_,5,231.2,0,0,231.2,0.834
board_3_XGvzQVX2IO92jk20E2M_,6,215.91,0,0,215.91,0.834
board_3_XGvzQVX2IO92jk20E2M_,7,222.48,0,0,222.48,0.834
board_3_XGvzQVX2IO92jk20E2M_,8,231.2,0,0,231.2,0.834
board_3_XGvzQVX2IO92jk20E2M_,9,207.2,0,0,207.2,0.834
board_3_XGvzQVX2IO92jk20E2M_,10,231.2,0,0,231.2,0.834
board_3_XGvzQVX2IO92jk20E2M_,11,221.85,0,0,221.85,0.834
board_3_XGvzQVX2IO92jk20E2M_,12,216.55,0,0,216.55,0.834
board_3_XGvzQVX2IO92jk20E4kJ,1,100.1,0,0,100.1,0.361
board_3_XGvzQVX2IO92jk20E4kJ,2,87.96,0,0,87.96,0.361
board_3_XGvzQVX2IO92jk20E4kJ,3,97.53,0,0,97.53,0.361
board_3_XGvzQVX2IO92jk20E4kJ,4,92.28,0,0,92.28,0.361
board_3_XGvzQVX2IO92jk20E4kJ,5,100.1,0,0,100.1,0.361
board_3_XGvzQVX2IO92jk20E4kJ,6,93.48,0,0,93.48,0.361
board_3_XGvzQVX2IO92jk20E4kJ,7,96.32,0,0,96.32,0.361
board_3_XGvzQVX2IO92jk20E4kJ,8,100.1,0,0,100.1,0.361
board_3_XGvzQVX2IO92jk20E4kJ,9,89.71,0,0,89.71,0.361
board_3_XGvzQVX2IO92jk20E4kJ,10,100.1,0,0,100.1,0.361
board_3_XGvzQVX2IO92jk20E4kJ,11,96.05,0,0,96.05,0.361
board_3_XGvzQVX2IO92jk20E4kJ,12,93.75,0,0,93.75,0.361
board_3nAqxWAvT6Kwm_Yz__pXOI,1,39.41,0,0,39.41,0.142
board_3nAqxWAvT6Kwm_Yz__pXOI,2,34.63,0,0,34.63,0.142
board_3nAqxWAvT6Kwm_Yz__pXOI,3,38.4,0,0,38.4,0.142
board_3nAqxWAvT6Kwm_Yz__pXOI,4,36.33,0,0,36.33,0.142
board_3nAqxWAvT6Kwm_Yz__pXOI,5,39.41,0,0,39.41,0.142
board_3nAqxWAvT6Kwm_Yz__pXOI,6,36.8,0,0,36.8,0.142
board_3nAqxWAvT6Kwm_Yz__pXOI,7,37.92,0,0,37.92,0.142
board_3nAqxWAvT6Kwm_Yz__pXOI,8,39.41,0,0,39.41,0.142
board_3nAqxWAvT6Kwm_Yz__pXOI,9,35.32,0,0,35.32,0.142
board_3nAqxWAvT6Kwm_Yz__pXOI,10,39.41,0,0,39.41,0.142
board_3nAqxWAvT6Kwm_Yz__pXOI,11,37.82,0,0,37.82,0.142
board_3nAqxWAvT6Kwm_Yz__pXOI,12,36.91,0,0,36.91,0.142
board_3nAqxWAvT6Kwm_Yz__pXOi,1,12.28,0,0,12.28,0.044
board_3nAqxWAvT6Kwm_Yz__pXOi,2,10.79,0,0,10.79,0.044
board_3nAqxWAvT6Kwm_Yz__pXOi,3,11.97,0,0,11.97,0.044
board_3nAqxWAvT6Kwm_Yz__pXOi,4,11.32,0,0,11.32,0.044
board_3nAqxWAvT6Kwm_Yz__pXOi,5,12.28,0,0,12.28,0.044
board_3nAqxWAvT6Kwm_Yz__pXOi,6,11.47,0,0,11.47,0.044
board_3nAqxWAvT6Kwm_Yz__pXOi,7,11.82,0,0,11.82,0.044
board_3nAqxWAvT6Kwm_Yz__pXOi,8,12.28,0,0,12.28,0.044
board_3nAqxWAvT6Kwm_Yz__pXOi,9,11.01,0,0,11.01,0.044
board_3nAqxWAvT6Kwm_Yz__pXOi,10,12.28,0,0,12.28,0.044
board_3nAqxWAvT6Kwm_Yz__pXOi,11,11.79,0,0,11.79,0.044
board_3nAqxWAvT6Kwm_Yz__pXOi,12,11.5,0,0,11.5,0.044
