board_id,ifc_global_id,name,device_tag,ifc_class,predefined_type,object_type,board_kind,floor_id,storey,x,y,z,voltage_v,phase_count,rated_current_a,fuse_rating_a,power_factor,short_circuit_icw_ka,short_circuit_ipk_ka,system_code,system_name,width_mm,height_mm,depth_mm,manufacturer,product_description,rating_present,source_file,source_system,value_class,extraction_confidence,notes,raw_properties_json
board_1BFJi9GR9EgeQt8GQ9AUhL,1BFJi9GR9EgeQt8GQ9AUhL,-,RKE03,IfcElectricDistributionBoard,,,Jakokeskus,floor_basement,00_Kellari,27.497,47.462,51.7,400.0,3.0,0.0,,,0.0,0.0,S0301,Pääjakelu - vaihtosähkö,3000.0,1900.0,350.0,-,Kiinteistökeskus,False,ELE_enriched.ifc,ifc_ele,ifc_derived,high,,"{""FI_Tekninen"": {""Nimellisvirta"": 0.0, ""Oikosulkukestoisuusarvo Icw"": 0.0, ""Oikosulkukestoisuusarvo Ipk"": 0.0, ""Vaiheiden lukumäärä"": 3.0, ""Jännite"": 400.0, ""id"": 32927}, ""FI_Komponentti"": {""Laitetunnus, yksilöllinen"": ""\""Laitetunnus, yksilöllinen\"""", ""Laitetunnus"": ""RKE03"", ""01 Komponentin pääryhmä"": ""JAKELULAITTEET - SÄH"", ""Status"": ""\""Status\"""", ""04 Komponentin yleisnimi"": ""Jakokeskus"", ""02 Komponentin alaryhmä"": ""KESKUSLAITTEET - SÄH"", ""03 Komponentin koodi"": ""T-SAH-03-01-005"", ""05 Komponentin yleistunnus"": ""JKE"", ""id"": 32939}, ""FI_Sijainti"": {""Järjestelmien nimet"": ""Pääjakelu - vaihtosähkö"", ""Järjestelmien tunnukset"": ""S0301"", ""id"": 32963}, ""FI_Tuote"": {""Tuotetyypin kommentti"": ""\""Tuotetyypin kommentti\"""", ""Tuotetyypin kuvaus"": ""Kiinteistökeskus"", ""Tuotetyypin nimi"": ""-"", ""Tuotetyypin valmistaja"": ""-"", ""Tuotteen kommentti"": ""\""Tuotteen kommentti\"""", ""id"": 32975}, ""FI_Geometria"": {""Syvyys"": 350.0, ""Korkeus"": 1900.0, ""Leveys"": 3000.0, ""id"": 32985}, ""FI_Asennus"": {""13 Asennuskorko, kerroskorosta"": 0.0, ""14 Komponentin alapinnan korko, kerroskorosta"": 0.0, ""12 Komponentin yläpinnan korko, kerroskorosta"": 1900.0, ""03 Asennuskorko, abs."": 51900.0, ""04 Komponentin alapinnan korko, abs."": 51900.0, ""02 Komponentin yläpinnan korko, abs."": 53800.0, ""id"": 33001}}"
board_1BFJi9GR9EgeQt8GQ9ASY_,1BFJi9GR9EgeQt8GQ9ASY$,-,RKE04,IfcElectricDistributionBoard,,,Jakokeskus,floor_basement,00_Kellari,32.562,44.36,51.7,400.0,3.0,0.0,,,0.0,0.0,S0301,Pääjakelu - vaihtosähkö,3000.0,1900.0,350.0,-,"Keittiökeskus, nousukeskus",False,ELE_enriched.ifc,ifc_ele,ifc_derived,high,,"{""FI_Tekninen"": {""Nimellisvirta"": 0.0, ""Oikosulkukestoisuusarvo Icw"": 0.0, ""Oikosulkukestoisuusarvo Ipk"": 0.0, ""Vaiheiden lukumäärä"": 3.0, ""Jännite"": 400.0, ""id"": 32927}, ""FI_Komponentti"": {""Laitetunnus, yksilöllinen"": ""\""Laitetunnus, yksilöllinen\"""", ""Laitetunnus"": ""RKE04"", ""01 Komponentin pääryhmä"": ""JAKELULAITTEET - SÄH"", ""Status"": ""\""Status\"""", ""04 Komponentin yleisnimi"": ""Jakokeskus"", ""02 Komponentin alaryhmä"": ""KESKUSLAITTEET - SÄH"", ""03 Komponentin koodi"": ""T-SAH-03-01-005"", ""05 Komponentin yleistunnus"": ""JKE"", ""id"": 32951}, ""FI_Sijainti"": {""Järjestelmien nimet"": ""Pääjakelu - vaihtosähkö"", ""Järjestelmien tunnukset"": ""S0301"", ""id"": 32963}, ""FI_Geometria"": {""Syvyys"": 350.0, ""Korkeus"": 1900.0, ""Leveys"": 3000.0, ""id"": 32985}, ""FI_Asennus"": {""13 Asennuskorko, kerroskorosta"": 0.0, ""14 Komponentin alapinnan korko, kerroskorosta"": 0.0, ""12 Komponentin yläpinnan korko, kerroskorosta"": 1900.0, ""03 Asennuskorko, abs."": 51900.0, ""04 Komponentin alapinnan korko, abs."": 51900.0, ""02 Komponentin yläpinnan korko, abs."": 53800.0, ""id"": 33001}, ""FI_Tuote"": {""Tuotetyypin kommentti"": ""\""Tuotetyypin kommentti\"""", ""Tuotetyypin nimi"": ""-"", ""Tuotetyypin valmistaja"": ""-"", ""Tuotteen kommentti"": ""\""Tuotteen kommentti\"""", ""Tuotetyypin kuvaus"": ""Keittiökeskus, nousukeskus"", ""id"": 33017}}"
board_1BFJi9GR9EgeQt8GQ9AYuy,1BFJi9GR9EgeQt8GQ9AYuy,-,UPS02,IfcElectricDistributionBoard,,,Jakokeskus,floor_basement,00_Kellari,34.844,54.943,51.7,400.0,3.0,0.0,,,0.0,0.0,S0301,Pääjakelu - vaihtosähkö,1000.0,2200.0,300.0,-,UPS-laite,False,ELE_enriched.ifc,ifc_ele,ifc_derived,high,,"{""FI_Tekninen"": {""Nimellisvirta"": 0.0, ""Oikosulkukestoisuusarvo Icw"": 0.0, ""Oikosulkukestoisuusarvo Ipk"": 0.0, ""Vaiheiden lukumäärä"": 3.0, ""Jännite"": 400.0, ""id"": 32927}, ""FI_Geometria"": {""Syvyys"": 300.0, ""Leveys"": 1000.0, ""Korkeus"": 2200.0, ""id"": 32935}, ""FI_Sijainti"": {""Järjestelmien nimet"": ""Pääjakelu - vaihtosähkö"", ""Järjestelmien tunnukset"": ""S0301"", ""id"": 32963}, ""FI_Komponentti"": {""Laitetunnus, yksilöllinen"": ""\""Laitetunnus, yksilöllinen\"""", ""Laitetunnus"": ""UPS02"", ""01 Komponentin pääryhmä"": ""JAKELULAITTEET - SÄH"", ""Status"": ""\""Status\"""", ""04 Komponentin yleisnimi"": ""Jakokeskus"", ""02 Komponentin alaryhmä"": ""KESKUSLAITTEET - SÄH"", ""03 Komponentin koodi"": ""T-SAH-03-01-005"", ""05 Komponentin yleistunnus"": ""JKE"", ""id"": 32973}, ""FI_Asennus"": {""13 Asennuskorko, kerroskorosta"": 0.0, ""14 Komponentin alapinnan korko, kerroskorosta"": 0.0, ""12 Komponentin yläpinnan korko, kerroskorosta"": 2200.0, ""03 Asennuskorko, abs."": 51900.0, ""04 Komponentin alapinnan korko, abs."": 51900.0, ""02 Komponentin yläpinnan korko, abs."": 54100.0, ""id"": 32983}, ""FI_Tuote"": {""Tuotetyypin kommentti"": ""\""Tuotetyypin kommentti\"""", ""Tuotetyypin nimi"": ""-"", ""Tuotetyypin valmistaja"": ""-"", ""Tuotetyypin kuvaus"": ""UPS-laite"", ""Tuotteen kommentti"": ""\""Tuotteen kommentti\"""", ""id"": 33021}}"
board_1BFJi9GR9EgeQt8GQ9AWs2,1BFJi9GR9EgeQt8GQ9AWs2,-,AK01,IfcElectricDistributionBoard,,,Jakokeskus,floor_basement,00_Kellari,34.854,54.931,51.7,400.0,3.0,0.0,,,0.0,0.0,S0301,Pääjakelu - vaihtosähkö,1000.0,2200.0,300.0,-,"Akusto, UPS",False,ELE_enriched.ifc,ifc_ele,ifc_derived,high,,"{""FI_Tekninen"": {""Nimellisvirta"": 0.0, ""Oikosulkukestoisuusarvo Icw"": 0.0, ""Oikosulkukestoisuusarvo Ipk"": 0.0, ""Vaiheiden lukumäärä"": 3.0, ""Jännite"": 400.0, ""id"": 32927}, ""FI_Geometria"": {""Syvyys"": 300.0, ""Leveys"": 1000.0, ""Korkeus"": 2200.0, ""id"": 32935}, ""FI_Sijainti"": {""Järjestelmien nimet"": ""Pääjakelu - vaihtosähkö"", ""Järjestelmien tunnukset"": ""S0301"", ""id"": 32963}, ""FI_Asennus"": {""13 Asennuskorko, kerroskorosta"": 0.0, ""14 Komponentin alapinnan korko, kerroskorosta"": 0.0, ""12 Komponentin yläpinnan korko, kerroskorosta"": 2200.0, ""03 Asennuskorko, abs."": 51900.0, ""04 Komponentin alapinnan korko, abs."": 51900.0, ""02 Komponentin yläpinnan korko, abs."": 54100.0, ""id"": 32983}, ""FI_Komponentti"": {""Laitetunnus, yksilöllinen"": ""\""Laitetunnus, yksilöllinen\"""", ""01 Komponentin pääryhmä"": ""JAKELULAITTEET - SÄH"", ""Status"": ""\""Status\"""", ""04 Komponentin yleisnimi"": ""Jakokeskus"", ""02 Komponentin alaryhmä"": ""KESKUSLAITTEET - SÄH"", ""03 Komponentin koodi"": ""T-SAH-03-01-005"", ""Laitetunnus"": ""AK01"", ""05 Komponentin yleistunnus"": ""JKE"", ""id"": 33007}, ""FI_Tuote"": {""Tuotetyypin kommentti"": ""\""Tuotetyypin kommentti\"""", ""Tuotetyypin nimi"": ""-"", ""Tuotetyypin valmistaja"": ""-"", ""Tuotetyypin kuvaus"": ""Akusto, UPS"", ""Tuotteen kommentti"": ""\""Tuotteen kommentti\"""", ""id"": 33043}}"
board_1WxTmsBPD4Sf77udYi3J2P,1WxTmsBPD4Sf77udYi3J2P,-,JKE01,IfcElectricDistributionBoard,,,Jakokeskus,floor_basement,00_Kellari,38.543,58.632,51.7,400.0,3.0,0.0,,,0.0,0.0,S0301,Pääjakelu - vaihtosähkö,750.0,2200.0,300.0,-,Talojakamo,False,ELE_enriched.ifc,ifc_ele,ifc_derived,high,,"{""FI_Tekninen"": {""Nimellisvirta"": 0.0, ""Oikosulkukestoisuusarvo Icw"": 0.0, ""Oikosulkukestoisuusarvo Ipk"": 0.0, ""Vaiheiden lukumäärä"": 3.0, ""Jännite"": 400.0, ""id"": 32927}, ""FI_Geometria"": {""Syvyys"": 300.0, ""Leveys"": 750.0, ""Korkeus"": 2200.0, ""id"": 32937}, ""FI_Sijainti"": {""Järjestelmien nimet"": ""Pääjakelu - vaihtosähkö"", ""Järjestelmien tunnukset"": ""S0301"", ""id"": 32963}, ""FI_Asennus"": {""13 Asennuskorko, kerroskorosta"": 0.0, ""14 Komponentin alapinnan korko, kerroskorosta"": 0.0, ""12 Komponentin yläpinnan korko, kerroskorosta"": 2200.0, ""03 Asennuskorko, abs."": 51900.0, ""04 Komponentin alapinnan korko, abs."": 51900.0, ""02 Komponentin yläpinnan korko, abs."": 54100.0, ""id"": 32983}, ""FI_Komponentti"": {""Laitetunnus, yksilöllinen"": ""\""Laitetunnus, yksilöllinen\"""", ""Laitetunnus"": ""JKE01"", ""01 Komponentin pääryhmä"": ""JAKELULAITTEET - SÄH"", ""Status"": ""\""Status\"""", ""04 Komponentin yleisnimi"": ""Jakokeskus"", ""02 Komponentin alaryhmä"": ""KESKUSLAITTEET - SÄH"", ""03 Komponentin koodi"": ""T-SAH-03-01-005"", ""05 Komponentin yleistunnus"": ""JKE"", ""id"": 32989}, ""FI_Tuote"": {""Tuotetyypin kommentti"": ""\""Tuotetyypin kommentti\"""", ""Tuotetyypin kuvaus"": ""Talojakamo"", ""Tuotetyypin nimi"": ""-"", ""Tuotetyypin valmistaja"": ""-"", ""Tuotteen kommentti"": ""\""Tuotteen kommentti\"""", ""id"": 33023}}"
board_1WxTmsBPD4Sf77udYi3J3x,1WxTmsBPD4Sf77udYi3J3x,-,JKE01,IfcElectricDistributionBoard,,,Jakokeskus,floor_basement,00_Kellari,39.1,57.976,51.7,400.0,3.0,0.0,,,0.0,0.0,S0301,Pääjakelu - vaihtosähkö,750.0,2200.0,300.0,-,Talojakamo,False,ELE_enriched.ifc,ifc_ele,ifc_derived,high,,"{""FI_Tekninen"": {""Nimellisvirta"": 0.0, ""Oikosulkukestoisuusarvo Icw"": 0.0, ""Oikosulkukestoisuusarvo Ipk"": 0.0, ""Vaiheiden lukumäärä"": 3.0, ""Jännite"": 400.0, ""id"": 32927}, ""FI_Geometria"": {""Syvyys"": 300.0, ""Leveys"": 750.0, ""Korkeus"": 2200.0, ""id"": 32937}, ""FI_Sijainti"": {""Järjestelmien nimet"": ""Pääjakelu - vaihtosähkö"", ""Järjestelmien tunnukset"": ""S0301"", ""id"": 32963}, ""FI_Asennus"": {""13 Asennuskorko, kerroskorosta"": 0.0, ""14 Komponentin alapinnan korko, kerroskorosta"": 0.0, ""12 Komponentin yläpinnan korko, kerroskorosta"": 2200.0, ""03 Asennuskorko, abs."": 51900.0, ""04 Komponentin alapinnan korko, abs."": 51900.0, ""02 Komponentin yläpinnan korko, abs."": 54100.0, ""id"": 32983}, ""FI_Komponentti"": {""Laitetunnus, yksilöllinen"": ""\""Laitetunnus, yksilöllinen\"""", ""Laitetunnus"": ""JKE01"", ""01 Komponentin pääryhmä"": ""JAKELULAITTEET - SÄH"", ""Status"": ""\""Status\"""", ""04 Komponentin yleisnimi"": ""Jakokeskus"", ""02 Komponentin alaryhmä"": ""KESKUSLAITTEET - SÄH"", ""03 Komponentin koodi"": ""T-SAH-03-01-005"", ""05 Komponentin yleistunnus"": ""JKE"", ""id"": 32989}, ""FI_Tuote"": {""Tuotetyypin kommentti"": ""\""Tuotetyypin kommentti\"""", ""Tuotetyypin kuvaus"": ""Talojakamo"", ""Tuotetyypin nimi"": ""-"", ""Tuotetyypin valmistaja"": ""-"", ""Tuotteen kommentti"": ""\""Tuotteen kommentti\"""", ""id"": 33023}}"
board_1WxTmsBPD4Sf77udYi3J3n,1WxTmsBPD4Sf77udYi3J3n,-,JKE01,IfcElectricDistributionBoard,,,Jakokeskus,floor_basement,00_Kellari,39.67,57.305,51.7,400.0,3.0,0.0,,,0.0,0.0,S0301,Pääjakelu - vaihtosähkö,750.0,2200.0,300.0,-,Talojakamo,False,ELE_enriched.ifc,ifc_ele,ifc_derived,high,,"{""FI_Tekninen"": {""Nimellisvirta"": 0.0, ""Oikosulkukestoisuusarvo Icw"": 0.0, ""Oikosulkukestoisuusarvo Ipk"": 0.0, ""Vaiheiden lukumäärä"": 3.0, ""Jännite"": 400.0, ""id"": 32927}, ""FI_Geometria"": {""Syvyys"": 300.0, ""Leveys"": 750.0, ""Korkeus"": 2200.0, ""id"": 32937}, ""FI_Sijainti"": {""Järjestelmien nimet"": ""Pääjakelu - vaihtosähkö"", ""Järjestelmien tunnukset"": ""S0301"", ""id"": 32963}, ""FI_Asennus"": {""13 Asennuskorko, kerroskorosta"": 0.0, ""14 Komponentin alapinnan korko, kerroskorosta"": 0.0, ""12 Komponentin yläpinnan korko, kerroskorosta"": 2200.0, ""03 Asennuskorko, abs."": 51900.0, ""04 Komponentin alapinnan korko, abs."": 51900.0, ""02 Komponentin yläpinnan korko, abs."": 54100.0, ""id"": 32983}, ""FI_Komponentti"": {""Laitetunnus, yksilöllinen"": ""\""Laitetunnus, yksilöllinen\"""", ""Laitetunnus"": ""JKE01"", ""01 Komponentin pääryhmä"": ""JAKELULAITTEET - SÄH"", ""Status"": ""\""Status\"""", ""04 Komponentin yleisnimi"": ""Jakokeskus"", ""02 Komponentin alaryhmä"": ""KESKUSLAITTEET - SÄH"", ""03 Komponentin koodi"": ""T-SAH-03-01-005"", ""05 Komponentin yleistunnus"": ""JKE"", ""id"": 32989}, ""FI_Tuote"": {""Tuotetyypin kommentti"": ""\""Tuotetyypin kommentti\"""", ""Tuotetyypin kuvaus"": ""Talojakamo"", ""Tuotetyypin nimi"": ""-"", ""Tuotetyypin valmistaja"": ""-"", ""Tuotteen kommentti"": ""\""Tuotteen kommentti\"""", ""id"": 33023}}"
board_1IIV9b5Dr84eaHsxik87Mo,1IIV9b5Dr84eaHsxik87Mo,-,UPS01,IfcElectricDistributionBoard,,,Jakokeskus,floor_basement,00_Kellari,32.288,53.909,51.7,400.0,3.0,0.0,,,0.0,0.0,S0301,Pääjakelu - vaihtosähkö,1500.0,2200.0,300.0,-,UPS-pääkeskus,False,ELE_enriched.ifc,ifc_ele,ifc_derived,high,,"{""FI_Tekninen"": {""Nimellisvirta"": 0.0, ""Oikosulkukestoisuusarvo Icw"": 0.0, ""Oikosulkukestoisuusarvo Ipk"": 0.0, ""Vaiheiden lukumäärä"": 3.0, ""Jännite"": 400.0, ""id"": 32927}, ""FI_Sijainti"": {""Järjestelmien nimet"": ""Pääjakelu - vaihtosähkö"", ""Järjestelmien tunnukset"": ""S0301"", ""id"": 32963}, ""FI_Komponentti"": {""Laitetunnus, yksilöllinen"": ""\""Laitetunnus, yksilöllinen\"""", ""Laitetunnus"": ""UPS01"", ""01 Komponentin pääryhmä"": ""JAKELULAITTEET - SÄH"", ""Status"": ""\""Status\"""", ""04 Komponentin yleisnimi"": ""Jakokeskus"", ""02 Komponentin alaryhmä"": ""KESKUSLAITTEET - SÄH"", ""03 Komponentin koodi"": ""T-SAH-03-01-005"", ""05 Komponentin yleistunnus"": ""JKE"", ""id"": 32971}, ""FI_Asennus"": {""13 Asennuskorko, kerroskorosta"": 0.0, ""14 Komponentin alapinnan korko, kerroskorosta"": 0.0, ""12 Komponentin yläpinnan korko, kerroskorosta"": 2200.0, ""03 Asennuskorko, abs."": 51900.0, ""04 Komponentin alapinnan korko, abs."": 51900.0, ""02 Komponentin yläpinnan korko, abs."": 54100.0, ""id"": 32983}, ""FI_Geometria"": {""Syvyys"": 300.0, ""Leveys"": 1500.0, ""Korkeus"": 2200.0, ""id"": 32993}, ""FI_Tuote"": {""Tuotetyypin kommentti"": ""\""Tuotetyypin kommentti\"""", ""Tuotetyypin kuvaus"": ""UPS-pääkeskus"", ""Tuotetyypin nimi"": ""-"", ""Tuotetyypin valmistaja"": ""-"", ""Tuotteen kommentti"": ""\""Tuotteen kommentti\"""", ""id"": 33013}}"
board_3N5QrrVL56chghraBSbwdo,3N5QrrVL56chghraBSbwdo,-,RKE05,IfcElectricDistributionBoard,,,Jakokeskus,floor_basement,00_Kellari,41.055,48.445,51.7,400.0,3.0,0.0,,,0.0,0.0,S0301,Pääjakelu - vaihtosähkö,1500.0,2200.0,300.0,-,"Ryhmäkeskus, kellari",False,ELE_enriched.ifc,ifc_ele,ifc_derived,high,,"{""FI_Tekninen"": {""Nimellisvirta"": 0.0, ""Oikosulkukestoisuusarvo Icw"": 0.0, ""Oikosulkukestoisuusarvo Ipk"": 0.0, ""Vaiheiden lukumäärä"": 3.0, ""Jännite"": 400.0, ""id"": 32927}, ""FI_Komponentti"": {""Laitetunnus, yksilöllinen"": ""\""Laitetunnus, yksilöllinen\"""", ""Laitetunnus"": ""RKE05"", ""01 Komponentin pääryhmä"": ""JAKELULAITTEET - SÄH"", ""Status"": ""\""Status\"""", ""04 Komponentin yleisnimi"": ""Jakokeskus"", ""02 Komponentin alaryhmä"": ""KESKUSLAITTEET - SÄH"", ""03 Komponentin koodi"": ""T-SAH-03-01-005"", ""05 Komponentin yleistunnus"": ""JKE"", ""id"": 32949}, ""FI_Sijainti"": {""Järjestelmien nimet"": ""Pääjakelu - vaihtosähkö"", ""Järjestelmien tunnukset"": ""S0301"", ""id"": 32963}, ""FI_Tuote"": {""Tuotetyypin kommentti"": ""\""Tuotetyypin kommentti\"""", ""Tuotetyypin kuvaus"": ""Ryhmäkeskus, kellari"", ""Tuotetyypin nimi"": ""-"", ""Tuotetyypin valmistaja"": ""-"", ""Tuotteen kommentti"": ""\""Tuotteen kommentti\"""", ""id"": 32969}, ""FI_Asennus"": {""13 Asennuskorko, kerroskorosta"": 0.0, ""14 Komponentin alapinnan korko, kerroskorosta"": 0.0, ""12 Komponentin yläpinnan korko, kerroskorosta"": 2200.0, ""03 Asennuskorko, abs."": 51900.0, ""04 Komponentin alapinnan korko, abs."": 51900.0, ""02 Komponentin yläpinnan korko, abs."": 54100.0, ""id"": 32983}, ""FI_Geometria"": {""Syvyys"": 300.0, ""Leveys"": 1500.0, ""Korkeus"": 2200.0, ""id"": 32993}}"
board_3N5QrrVL56chghraBSbwWJ,3N5QrrVL56chghraBSbwWJ,-,RKT01,IfcElectricDistributionBoard,,,Ristikytkentäteline,floor_basement,00_Kellari,42.243,49.049,51.7,230.0,1.0,,,,,,D0101,Yleiskaapelointi,600.0,2000.0,600.0,-,Ristikytkentäteline 800x800x2000,False,ELE_enriched.ifc,ifc_ele,ifc_derived,high,,"{""FI_Tuote"": {""Tuotetyypin kommentti"": ""\""Tuotetyypin kommentti\"""", ""Tuotetyypin kuvaus"": ""Ristikytkentäteline 800x800x2000"", ""Tuotetyypin nimi"": ""-"", ""Tuotetyypin valmistaja"": ""-"", ""Tuotteen kommentti"": ""\""Tuotteen kommentti\"""", ""id"": 32961}, ""FI_Tekninen"": {""Vaiheiden lukumäärä"": 1.0, ""Jännite"": 230.0, ""id"": 32965}, ""FI_Sijainti"": {""Järjestelmien nimet"": ""Yleiskaapelointi"", ""Järjestelmien tunnukset"": ""D0101"", ""id"": 32991}, ""FI_Asennus"": {""02 Komponentin yläpinnan korko, abs."": 53899.998, ""12 Komponentin yläpinnan korko, kerroskorosta"": 1999.998, ""13 Asennuskorko, kerroskorosta"": 0.0, ""14 Komponentin alapinnan korko, kerroskorosta"": 0.0, ""03 Asennuskorko, abs."": 51900.0, ""04 Komponentin alapinnan korko, abs."": 51900.0, ""id"": 33011}, ""FI_Geometria"": {""Leveys"": 600.0, ""Syvyys"": 600.0, ""Korkeus"": 2000.0, ""id"": 33027}, ""FI_Komponentti"": {""04 Komponentin yleisnimi"": ""Ristikytkentäteline"", ""Laitetunnus, yksilöllinen"": ""\""Laitetunnus, yksilöllinen\"""", ""Laitetunnus"": ""RKT01"", ""01 Komponentin pääryhmä"": ""JAKELULAITTEET - SÄH"", ""Status"": ""\""Status\"""", ""02 Komponentin alaryhmä"": ""KESKUSLAITTEET - SÄH"", ""03 Komponentin koodi"": ""T-SAH-03-01-007"", ""05 Komponentin yleistunnus"": ""RKT"", ""id"": 33037}}"
board_3_XGvzQVX2IO92jk20E4kJ,3$XGvzQVX2IO92jk20E4kJ,-,RKE06,IfcElectricDistributionBoard,,,Jakokeskus,floor_basement,00_Kellari,23.984,46.86,51.7,400.0,3.0,0.0,,,0.0,0.0,S0301,Pääjakelu - vaihtosähkö,1200.0,1900.0,350.0,-,"Ryhmäkeskus LJH, kellari",False,ELE_enriched.ifc,ifc_ele,ifc_derived,high,,"{""FI_Tekninen"": {""Nimellisvirta"": 0.0, ""Oikosulkukestoisuusarvo Icw"": 0.0, ""Oikosulkukestoisuusarvo Ipk"": 0.0, ""Vaiheiden lukumäärä"": 3.0, ""Jännite"": 400.0, ""id"": 32927}, ""FI_Komponentti"": {""Laitetunnus, yksilöllinen"": ""\""Laitetunnus, yksilöllinen\"""", ""Laitetunnus"": ""RKE06"", ""01 Komponentin pääryhmä"": ""JAKELULAITTEET - SÄH"", ""Status"": ""\""Status\"""", ""04 Komponentin yleisnimi"": ""Jakokeskus"", ""02 Komponentin alaryhmä"": ""KESKUSLAITTEET - SÄH"", ""03 Komponentin koodi"": ""T-SAH-03-01-005"", ""05 Komponentin yleistunnus"": ""JKE"", ""id"": 32947}, ""FI_Sijainti"": {""Järjestelmien nimet"": ""Pääjakelu - vaihtosähkö"", ""Järjestelmien tunnukset"": ""S0301"", ""id"": 32963}, ""FI_Geometria"": {""Syvyys"": 350.0, ""Leveys"": 1200.0, ""Korkeus"": 1900.0, ""id"": 32979}, ""FI_Tuote"": {""Tuotetyypin kommentti"": ""\""Tuotetyypin kommentti\"""", ""Tuotetyypin kuvaus"": ""Ryhmäkeskus LJH, kellari"", ""Tuotetyypin nimi"": ""-"", ""Tuotetyypin valmistaja"": ""-"", ""Tuotteen kommentti"": ""\""Tuotteen kommentti\"""", ""id"": 32987}, ""FI_Asennus"": {""13 Asennuskorko, kerroskorosta"": 0.0, ""14 Komponentin alapinnan korko, kerroskorosta"": 0.0, ""12 Komponentin yläpinnan korko, kerroskorosta"": 1900.0, ""03 Asennuskorko, abs."": 51900.0, ""04 Komponentin alapinnan korko, abs."": 51900.0, ""02 Komponentin yläpinnan korko, abs."": 53800.0, ""id"": 33001}}"
board_3_XGvzQVX2IO92jk20E2M_,3$XGvzQVX2IO92jk20E2M_,-,RKE07,IfcElectricDistributionBoard,,,Jakokeskus,floor_basement,00_Kellari,64.971,65.204,51.7,400.0,3.0,0.0,,,0.0,0.0,S0301,Pääjakelu - vaihtosähkö,1200.0,1900.0,350.0,-,"Ryhmäkeskus VSS, kellari",False,ELE_enriched.ifc,ifc_ele,ifc_derived,high,,"{""FI_Tekninen"": {""Nimellisvirta"": 0.0, ""Oikosulkukestoisuusarvo Icw"": 0.0, ""Oikosulkukestoisuusarvo Ipk"": 0.0, ""Vaiheiden lukumäärä"": 3.0, ""Jännite"": 400.0, ""id"": 32927}, ""FI_Komponentti"": {""Laitetunnus, yksilöllinen"": ""\""Laitetunnus, yksilöllinen\"""", ""Laitetunnus"": ""RKE07"", ""01 Komponentin pääryhmä"": ""JAKELULAITTEET - SÄH"", ""Status"": ""\""Status\"""", ""04 Komponentin yleisnimi"": ""Jakokeskus"", ""02 Komponentin alaryhmä"": ""KESKUSLAITTEET - SÄH"", ""03 Komponentin koodi"": ""T-SAH-03-01-005"", ""05 Komponentin yleistunnus"": ""JKE"", ""id"": 32945}, ""FI_Sijainti"": {""Järjestelmien nimet"": ""Pääjakelu - vaihtosähkö"", ""Järjestelmien tunnukset"": ""S0301"", ""id"": 32963}, ""FI_Geometria"": {""Syvyys"": 350.0, ""Leveys"": 1200.0, ""Korkeus"": 1900.0, ""id"": 32979}, ""FI_Asennus"": {""13 Asennuskorko, kerroskorosta"": 0.0, ""14 Komponentin alapinnan korko, kerroskorosta"": 0.0, ""12 Komponentin yläpinnan korko, kerroskorosta"": 1900.0, ""03 Asennuskorko, abs."": 51900.0, ""04 Komponentin alapinnan korko, abs."": 51900.0, ""02 Komponentin yläpinnan korko, abs."": 53800.0, ""id"": 33001}, ""FI_Tuote"": {""Tuotetyypin kommentti"": ""\""Tuotetyypin kommentti\"""", ""Tuotetyypin kuvaus"": ""Ryhmäkeskus VSS, kellari"", ""Tuotetyypin nimi"": ""-"", ""Tuotetyypin valmistaja"": ""-"", ""Tuotteen kommentti"": ""\""Tuotteen kommentti\"""", ""id"": 33039}}"
board_3_XGvzQVX2IO92jk20E2MP,3$XGvzQVX2IO92jk20E2MP,-,RKT01,IfcElectricDistributionBoard,,,Ristikytkentäteline,floor_basement,00_Kellari,65.895,64.592,51.7,230.0,1.0,,,,,,D0101,Yleiskaapelointi,600.0,2000.0,600.0,-,Ristikytkentäteline 800x800x2000,False,ELE_enriched.ifc,ifc_ele,ifc_derived,high,,"{""FI_Tuote"": {""Tuotetyypin kommentti"": ""\""Tuotetyypin kommentti\"""", ""Tuotetyypin kuvaus"": ""Ristikytkentäteline 800x800x2000"", ""Tuotetyypin nimi"": ""-"", ""Tuotetyypin valmistaja"": ""-"", ""Tuotteen kommentti"": ""\""Tuotteen kommentti\"""", ""id"": 32961}, ""FI_Tekninen"": {""Vaiheiden lukumäärä"": 1.0, ""Jännite"": 230.0, ""id"": 32965}, ""FI_Sijainti"": {""Järjestelmien nimet"": ""Yleiskaapelointi"", ""Järjestelmien tunnukset"": ""D0101"", ""id"": 32991}, ""FI_Asennus"": {""02 Komponentin yläpinnan korko, abs."": 53899.998, ""12 Komponentin yläpinnan korko, kerroskorosta"": 1999.998, ""13 Asennuskorko, kerroskorosta"": 0.0, ""14 Komponentin alapinnan korko, kerroskorosta"": 0.0, ""03 Asennuskorko, abs."": 51900.0, ""04 Komponentin alapinnan korko, abs."": 51900.0, ""id"": 33011}, ""FI_Geometria"": {""Leveys"": 600.0, ""Syvyys"": 600.0, ""Korkeus"": 2000.0, ""id"": 33027}, ""FI_Komponentti"": {""04 Komponentin yleisnimi"": ""Ristikytkentäteline"", ""Laitetunnus, yksilöllinen"": ""\""Laitetunnus, yksilöllinen\"""", ""Laitetunnus"": ""RKT01"", ""01 Komponentin pääryhmä"": ""JAKELULAITTEET - SÄH"", ""Status"": ""\""Status\"""", ""02 Komponentin alaryhmä"": ""KESKUSLAITTEET - SÄH"", ""03 Komponentin koodi"": ""T-SAH-03-01-007"", ""05 Komponentin yleistunnus"": ""RKT"", ""id"": 33037}}"
board_0YlieLMgD4O9YRLNjlwdJN,0YlieLMgD4O9YRLNjlwdJN,-,JKE02,IfcElectricDistributionBoard,,,Jakokeskus,floor_basement,00_Kellari,41.159,55.551,51.7,400.0,3.0,0.0,,,0.0,0.0,S0301,Pääjakelu - vaihtosähkö,750.0,2200.0,300.0,-,"Keskus, uppo",False,ELE_enriched.ifc,ifc_ele,ifc_derived,high,,"{""FI_Tekninen"": {""Nimellisvirta"": 0.0, ""Oikosulkukestoisuusarvo Icw"": 0.0, ""Oikosulkukestoisuusarvo Ipk"": 0.0, ""Vaiheiden lukumäärä"": 3.0, ""Jännite"": 400.0, ""id"": 32927}, ""FI_Geometria"": {""Syvyys"": 300.0, ""Leveys"": 750.0, ""Korkeus"": 2200.0, ""id"": 32937}, ""FI_Sijainti"": {""Järjestelmien nimet"": ""Pääjakelu - vaihtosähkö"", ""Järjestelmien tunnukset"": ""S0301"", ""id"": 32963}, ""FI_Tuote"": {""Tuotetyypin kommentti"": ""\""Tuotetyypin kommentti\"""", ""Tuotetyypin nimi"": ""-"", ""Tuotetyypin valmistaja"": ""-"", ""Tuotetyypin kuvaus"": ""Keskus, uppo"", ""Tuotteen kommentti"": ""\""Tuotteen kommentti\"""", ""id"": 32967}, ""FI_Asennus"": {""13 Asennuskorko, kerroskorosta"": 0.0, ""14 Komponentin alapinnan korko, kerroskorosta"": 0.0, ""12 Komponentin yläpinnan korko, kerroskorosta"": 2200.0, ""03 Asennuskorko, abs."": 51900.0, ""04 Komponentin alapinnan korko, abs."": 51900.0, ""02 Komponentin yläpinnan korko, abs."": 54100.0, ""id"": 32983}, ""FI_Komponentti"": {""Laitetunnus, yksilöllinen"": ""\""Laitetunnus, yksilöllinen\"""", ""Laitetunnus"": ""JKE02"", ""01 Komponentin pääryhmä"": ""JAKELULAITTEET - SÄH"", ""Status"": ""\""Status\"""", ""04 Komponentin yleisnimi"": ""Jakokeskus"", ""02 Komponentin alaryhmä"": ""KESKUSLAITTEET - SÄH"", ""03 Komponentin koodi"": ""T-SAH-03-01-005"", ""05 Komponentin yleistunnus"": ""JKE"", ""id"": 32995}}"
board_0YlieLMgD4O9YRLNjlwdJu,0YlieLMgD4O9YRLNjlwdJu,-,JKE02,IfcElectricDistributionBoard,,,Jakokeskus,floor_basement,00_Kellari,41.677,54.941,51.7,400.0,3.0,0.0,,,0.0,0.0,S0301,Pääjakelu - vaihtosähkö,750.0,2200.0,300.0,-,"Keskus, uppo",False,ELE_enriched.ifc,ifc_ele,ifc_derived,high,,"{""FI_Tekninen"": {""Nimellisvirta"": 0.0, ""Oikosulkukestoisuusarvo Icw"": 0.0, ""Oikosulkukestoisuusarvo Ipk"": 0.0, ""Vaiheiden lukumäärä"": 3.0, ""Jännite"": 400.0, ""id"": 32927}, ""FI_Geometria"": {""Syvyys"": 300.0, ""Leveys"": 750.0, ""Korkeus"": 2200.0, ""id"": 32937}, ""FI_Sijainti"": {""Järjestelmien nimet"": ""Pääjakelu - vaihtosähkö"", ""Järjestelmien tunnukset"": ""S0301"", ""id"": 32963}, ""FI_Tuote"": {""Tuotetyypin kommentti"": ""\""Tuotetyypin kommentti\"""", ""Tuotetyypin nimi"": ""-"", ""Tuotetyypin valmistaja"": ""-"", ""Tuotetyypin kuvaus"": ""Keskus, uppo"", ""Tuotteen kommentti"": ""\""Tuotteen kommentti\"""", ""id"": 32967}, ""FI_Asennus"": {""13 Asennuskorko, kerroskorosta"": 0.0, ""14 Komponentin alapinnan korko, kerroskorosta"": 0.0, ""12 Komponentin yläpinnan korko, kerroskorosta"": 2200.0, ""03 Asennuskorko, abs."": 51900.0, ""04 Komponentin alapinnan korko, abs."": 51900.0, ""02 Komponentin yläpinnan korko, abs."": 54100.0, ""id"": 32983}, ""FI_Komponentti"": {""Laitetunnus, yksilöllinen"": ""\""Laitetunnus, yksilöllinen\"""", ""Laitetunnus"": ""JKE02"", ""01 Komponentin pääryhmä"": ""JAKELULAITTEET - SÄH"", ""Status"": ""\""Status\"""", ""04 Komponentin yleisnimi"": ""Jakokeskus"", ""02 Komponentin alaryhmä"": ""KESKUSLAITTEET - SÄH"", ""03 Komponentin koodi"": ""T-SAH-03-01-005"", ""05 Komponentin yleistunnus"": ""JKE"", ""id"": 32995}}"
board_1T4Dk9Ojj9rOi06EMenZ3N,1T4Dk9Ojj9rOi06EMenZ3N,-,RKE01,IfcElectricDistributionBoard,,,Jakokeskus,floor_basement,00_Kellari,59.527,70.817,51.7,400.0,3.0,0.0,,,0.0,0.0,S0301,Pääjakelu - vaihtosähkö,2000.0,1900.0,350.0,-,"Keskus, pinta, ovella",False,ELE_enriched.ifc,ifc_ele,ifc_derived,high,,"{""FI_Tekninen"": {""Nimellisvirta"": 0.0, ""Oikosulkukestoisuusarvo Icw"": 0.0, ""Oikosulkukestoisuusarvo Ipk"": 0.0, ""Vaiheiden lukumäärä"": 3.0, ""Jännite"": 400.0, ""id"": 32927}, ""FI_Komponentti"": {""Laitetunnus, yksilöllinen"": ""\""Laitetunnus, yksilöllinen\"""", ""Laitetunnus"": ""RKE01"", ""01 Komponentin pääryhmä"": ""JAKELULAITTEET - SÄH"", ""Status"": ""\""Status\"""", ""04 Komponentin yleisnimi"": ""Jakokeskus"", ""02 Komponentin alaryhmä"": ""KESKUSLAITTEET - SÄH"", ""03 Komponentin koodi"": ""T-SAH-03-01-005"", ""05 Komponentin yleistunnus"": ""JKE"", ""id"": 32943}, ""FI_Sijainti"": {""Järjestelmien nimet"": ""Pääjakelu - vaihtosähkö"", ""Järjestelmien tunnukset"": ""S0301"", ""id"": 32963}, ""FI_Asennus"": {""13 Asennuskorko, kerroskorosta"": 0.0, ""14 Komponentin alapinnan korko, kerroskorosta"": 0.0, ""12 Komponentin yläpinnan korko, kerroskorosta"": 1900.0, ""03 Asennuskorko, abs."": 51900.0, ""04 Komponentin alapinnan korko, abs."": 51900.0, ""02 Komponentin yläpinnan korko, abs."": 53800.0, ""id"": 33001}, ""FI_Tuote"": {""Tuotetyypin kommentti"": ""\""Tuotetyypin kommentti\"""", ""Tuotetyypin kuvaus"": ""Keskus, pinta, ovella"", ""Tuotetyypin nimi"": ""-"", ""Tuotetyypin valmistaja"": ""-"", ""Tuotteen kommentti"": ""\""Tuotteen kommentti\"""", ""id"": 33015}, ""FI_Geometria"": {""Syvyys"": 350.0, ""Korkeus"": 1900.0, ""Leveys"": 2000.0, ""id"": 33033}}"
board_1T4Dk9Ojj9rOi06EMenZ3G,1T4Dk9Ojj9rOi06EMenZ3G,-,RKT01,IfcElectricDistributionBoard,,,Ristikytkentäteline,floor_basement,00_Kellari,60.366,69.421,51.7,230.0,1.0,,,,,,D0101,Yleiskaapelointi,600.0,2000.0,600.0,-,Ristikytkentäteline 800x800x2000,False,ELE_enriched.ifc,ifc_ele,ifc_derived,high,,"{""FI_Tuote"": {""Tuotetyypin kommentti"": ""\""Tuotetyypin kommentti\"""", ""Tuotetyypin kuvaus"": ""Ristikytkentäteline 800x800x2000"", ""Tuotetyypin nimi"": ""-"", ""Tuotetyypin valmistaja"": ""-"", ""Tuotteen kommentti"": ""\""Tuotteen kommentti\"""", ""id"": 32961}, ""FI_Tekninen"": {""Vaiheiden lukumäärä"": 1.0, ""Jännite"": 230.0, ""id"": 32965}, ""FI_Sijainti"": {""Järjestelmien nimet"": ""Yleiskaapelointi"", ""Järjestelmien tunnukset"": ""D0101"", ""id"": 32991}, ""FI_Asennus"": {""02 Komponentin yläpinnan korko, abs."": 53899.998, ""12 Komponentin yläpinnan korko, kerroskorosta"": 1999.998, ""13 Asennuskorko, kerroskorosta"": 0.0, ""14 Komponentin alapinnan korko, kerroskorosta"": 0.0, ""03 Asennuskorko, abs."": 51900.0, ""04 Komponentin alapinnan korko, abs."": 51900.0, ""id"": 33011}, ""FI_Geometria"": {""Leveys"": 600.0, ""Syvyys"": 600.0, ""Korkeus"": 2000.0, ""id"": 33027}, ""FI_Komponentti"": {""04 Komponentin yleisnimi"": ""Ristikytkentäteline"", ""Laitetunnus, yksilöllinen"": ""\""Laitetunnus, yksilöllinen\"""", ""Laitetunnus"": ""RKT01"", ""01 Komponentin pääryhmä"": ""JAKELULAITTEET - SÄH"", ""Status"": ""\""Status\"""", ""02 Komponentin alaryhmä"": ""KESKUSLAITTEET - SÄH"", ""03 Komponentin koodi"": ""T-SAH-03-01-007"", ""05 Komponentin yleistunnus"": ""RKT"", ""id"": 33037}}"
board_0v5ZMY9z92W9XFjubzgo4H,0v5ZMY9z92W9XFjubzgo4H,-,PKE01,IfcElectricDistributionBoard,,,Pääkeskus,floor_basement,00_Kellari,33.655,50.524,51.7,400.0,3.0,0.0,,,0.0,0.0,S0301,Pääjakelu - vaihtosähkö,5000.0,2200.0,500.0,-,Pääkeskus,False,ELE_enriched.ifc,ifc_ele,ifc_derived,high,,"{""FI_Tekninen"": {""Nimellisvirta"": 0.0, ""Oikosulkukestoisuusarvo Icw"": 0.0, ""Oikosulkukestoisuusarvo Ipk"": 0.0, ""Vaiheiden lukumäärä"": 3.0, ""Jännite"": 400.0, ""id"": 32927}, ""FI_Sijainti"": {""Järjestelmien nimet"": ""Pääjakelu - vaihtosähkö"", ""Järjestelmien tunnukset"": ""S0301"", ""id"": 32963}, ""FI_Asennus"": {""13 Asennuskorko, kerroskorosta"": 0.0, ""14 Komponentin alapinnan korko, kerroskorosta"": 0.0, ""12 Komponentin yläpinnan korko, kerroskorosta"": 2200.0, ""03 Asennuskorko, abs."": 51900.0, ""04 Komponentin alapinnan korko, abs."": 51900.0, ""02 Komponentin yläpinnan korko, abs."": 54100.0, ""id"": 32983}, ""FI_Geometria"": {""Syvyys"": 500.0, ""Korkeus"": 2200.0, ""Leveys"": 5000.0, ""id"": 33009}, ""FI_Tuote"": {""Tuotetyypin kommentti"": ""\""Tuotetyypin kommentti\"""", ""Tuotetyypin kuvaus"": ""Pääkeskus"", ""Tuotetyypin nimi"": ""-"", ""Tuotetyypin valmistaja"": ""-"", ""Tuotteen kommentti"": ""\""Tuotteen kommentti\"""", ""id"": 33019}, ""FI_Komponentti"": {""Laitetunnus, yksilöllinen"": ""\""Laitetunnus, yksilöllinen\"""", ""04 Komponentin yleisnimi"": ""Pääkeskus"", ""Laitetunnus"": ""PKE01"", ""01 Komponentin pääryhmä"": ""JAKELULAITTEET - SÄH"", ""Status"": ""\""Status\"""", ""02 Komponentin alaryhmä"": ""KESKUSLAITTEET - SÄH"", ""03 Komponentin koodi"": ""T-SAH-03-01-001"", ""05 Komponentin yleistunnus"": ""PKE"", ""id"": 33031}}"
board_0v5ZMY9z92W9XFjubzgo4t,0v5ZMY9z92W9XFjubzgo4t,-,PKE01,IfcElectricDistributionBoard,,,Pääkeskus,floor_basement,00_Kellari,33.882,50.257,51.7,400.0,3.0,0.0,,,0.0,0.0,S0301,Pääjakelu - vaihtosähkö,5000.0,2200.0,500.0,-,Pääkeskus,False,ELE_enriched.ifc,ifc_ele,ifc_derived,high,,"{""FI_Tekninen"": {""Nimellisvirta"": 0.0, ""Oikosulkukestoisuusarvo Icw"": 0.0, ""Oikosulkukestoisuusarvo Ipk"": 0.0, ""Vaiheiden lukumäärä"": 3.0, ""Jännite"": 400.0, ""id"": 32927}, ""FI_Sijainti"": {""Järjestelmien nimet"": ""Pääjakelu - vaihtosähkö"", ""Järjestelmien tunnukset"": ""S0301"", ""id"": 32963}, ""FI_Asennus"": {""13 Asennuskorko, kerroskorosta"": 0.0, ""14 Komponentin alapinnan korko, kerroskorosta"": 0.0, ""12 Komponentin yläpinnan korko, kerroskorosta"": 2200.0, ""03 Asennuskorko, abs."": 51900.0, ""04 Komponentin alapinnan korko, abs."": 51900.0, ""02 Komponentin yläpinnan korko, abs."": 54100.0, ""id"": 32983}, ""FI_Geometria"": {""Syvyys"": 500.0, ""Korkeus"": 2200.0, ""Leveys"": 5000.0, ""id"": 33009}, ""FI_Tuote"": {""Tuotetyypin kommentti"": ""\""Tuotetyypin kommentti\"""", ""Tuotetyypin kuvaus"": ""Pääkeskus"", ""Tuotetyypin nimi"": ""-"", ""Tuotetyypin valmistaja"": ""-"", ""Tuotteen kommentti"": ""\""Tuotteen kommentti\"""", ""id"": 33019}, ""FI_Komponentti"": {""Laitetunnus, yksilöllinen"": ""\""Laitetunnus, yksilöllinen\"""", ""04 Komponentin yleisnimi"": ""Pääkeskus"", ""Laitetunnus"": ""PKE01"", ""01 Komponentin pääryhmä"": ""JAKELULAITTEET - SÄH"", ""Status"": ""\""Status\"""", ""02 Komponentin alaryhmä"": ""KESKUSLAITTEET - SÄH"", ""03 Komponentin koodi"": ""T-SAH-03-01-001"", ""05 Komponentin yleistunnus"": ""PKE"", ""id"": 33031}}"
board_03k_lofl1AlwgVg6JePWUa,03k$lofl1AlwgVg6JePWUa,601_CE_RCS_BOX_V_BTM_CEN-350-1500-1900-0,RKT02,IfcElectricDistributionBoard,,,Ristikytkentäteline,floor_basement,00_Kellari,37.423,49.806,51.7,230.0,1.0,,,,,,D0101,Yleiskaapelointi,350.0,1900.0,1500.0,Custom,Ristikytkentäteline 800x800x2000,False,ELE_enriched.ifc,ifc_ele,ifc_derived,high,,"{""FI_Geometria"": {""Leveys"": 350.0, ""Syvyys"": 1500.0, ""Korkeus"": 1900.0, ""id"": 32953}, ""FI_Tekninen"": {""Vaiheiden lukumäärä"": 1.0, ""Jännite"": 230.0, ""id"": 32965}, ""FI_Sijainti"": {""Järjestelmien nimet"": ""Yleiskaapelointi"", ""Järjestelmien tunnukset"": ""D0101"", ""id"": 32991}, ""FI_Asennus"": {""13 Asennuskorko, kerroskorosta"": 0.0, ""14 Komponentin alapinnan korko, kerroskorosta"": 0.0, ""12 Komponentin yläpinnan korko, kerroskorosta"": 1900.0, ""03 Asennuskorko, abs."": 51900.0, ""04 Komponentin alapinnan korko, abs."": 51900.0, ""02 Komponentin yläpinnan korko, abs."": 53800.0, ""id"": 33001}, ""FI_Tuote"": {""Tuotetyypin kommentti"": ""\""Tuotetyypin kommentti\"""", ""Tuotetyypin nimi"": ""601_CE_RCS_BOX_V_BTM_CEN-350-1500-1900-0"", ""Tuotetyypin kuvaus"": ""Ristikytkentäteline 800x800x2000"", ""Tuotetyypin valmistaja"": ""Custom"", ""Tuotteen kommentti"": ""\""Tuotteen kommentti\"""", ""id"": 33035}, ""FI_Komponentti"": {""04 Komponentin yleisnimi"": ""Ristikytkentäteline"", ""Laitetunnus, yksilöllinen"": ""\""Laitetunnus, yksilöllinen\"""", ""Laitetunnus"": ""RKT02"", ""01 Komponentin pääryhmä"": ""JAKELULAITTEET - SÄH"", ""Status"": ""\""Status\"""", ""02 Komponentin alaryhmä"": ""KESKUSLAITTEET - SÄH"", ""03 Komponentin koodi"": ""T-SAH-03-01-007"", ""05 Komponentin yleistunnus"": ""RKT"", ""id"": 33041}}"
board_29TNjzyaLFhP4y0nNcCYsr,29TNjzyaLFhP4y0nNcCYsr,-,RKT01,IfcElectricDistributionBoard,,,Ristikytkentäteline,floor_level_01,01_Kerros,32.459,41.907,55.5,230.0,1.0,,,,,,D0101,Yleiskaapelointi,600.0,2000.0,600.0,-,Ristikytkentäteline 800x800x2000,False,ELE_enriched.ifc,ifc_ele,ifc_derived,high,,"{""FI_Tuote"": {""Tuotetyypin kommentti"": ""\""Tuotetyypin kommentti\"""", ""Tuotetyypin kuvaus"": ""Ristikytkentäteline 800x800x2000"", ""Tuotetyypin nimi"": ""-"", ""Tuotetyypin valmistaja"": ""-"", ""Tuotteen kommentti"": ""\""Tuotteen kommentti\"""", ""id"": 32961}, ""FI_Tekninen"": {""Vaiheiden lukumäärä"": 1.0, ""Jännite"": 230.0, ""id"": 32965}, ""FI_Sijainti"": {""Järjestelmien nimet"": ""Yleiskaapelointi"", ""Järjestelmien tunnukset"": ""D0101"", ""id"": 32991}, ""FI_Asennus"": {""04 Komponentin alapinnan korko, abs."": 55499.998, ""13 Asennuskorko, kerroskorosta"": 0.0, ""03 Asennuskorko, abs."": 55500.0, ""12 Komponentin yläpinnan korko, kerroskorosta"": 2000.002, ""02 Komponentin yläpinnan korko, abs."": 57500.002, ""14 Komponentin alapinnan korko, kerroskorosta"": -0.002, ""id"": 32997}, ""FI_Geometria"": {""Leveys"": 600.0, ""Syvyys"": 600.0, ""Korkeus"": 2000.0, ""id"": 33027}, ""FI_Komponentti"": {""04 Komponentin yleisnimi"": ""Ristikytkentäteline"", ""Laitetunnus, yksilöllinen"": ""\""Laitetunnus, yksilöllinen\"""", ""Laitetunnus"": ""RKT01"", ""01 Komponentin pääryhmä"": ""JAKELULAITTEET - SÄH"", ""Status"": ""\""Status\"""", ""02 Komponentin alaryhmä"": ""KESKUSLAITTEET - SÄH"", ""03 Komponentin koodi"": ""T-SAH-03-01-007"", ""05 Komponentin yleistunnus"": ""RKT"", ""id"": 33037}}"
board_2Nl2KpUg9CfPXj33hGJG3g,2Nl2KpUg9CfPXj33hGJG3g,-,RKE02,IfcElectricDistributionBoard,,,Jakokeskus,floor_level_01,01_Kerros,31.259,41.292,55.8,400.0,3.0,0.0,,,0.0,0.0,S0301,Pääjakelu - vaihtosähkö,1500.0,1600.0,350.0,-,"Keskus, pinta, ovella, 1. krs (ofset 300mm lattiasta)",False,ELE_enriched.ifc,ifc_ele,ifc_derived,high,,"{""FI_Tekninen"": {""Nimellisvirta"": 0.0, ""Oikosulkukestoisuusarvo Icw"": 0.0, ""Oikosulkukestoisuusarvo Ipk"": 0.0, ""Vaiheiden lukumäärä"": 3.0, ""Jännite"": 400.0, ""id"": 32927}, ""FI_Asennus"": {""14 Komponentin alapinnan korko, kerroskorosta"": 299.999, ""02 Komponentin yläpinnan korko, abs."": 57399.999, ""04 Komponentin alapinnan korko, abs."": 55799.999, ""12 Komponentin yläpinnan korko, kerroskorosta"": 1899.999, ""13 Asennuskorko, kerroskorosta"": 300.0, ""03 Asennuskorko, abs."": 55800.0, ""id"": 32931}, ""FI_Tuote"": {""Tuotetyypin kommentti"": ""\""Tuotetyypin kommentti\"""", ""Tuotetyypin nimi"": ""-"", ""Tuotetyypin valmistaja"": ""-"", ""Tuotetyypin kuvaus"": ""Keskus, pinta, ovella, 1. krs (ofset 300mm lattiasta)"", ""Tuotteen kommentti"": ""\""Tuotteen kommentti\"""", ""id"": 32933}, ""FI_Komponentti"": {""Laitetunnus, yksilöllinen"": ""\""Laitetunnus, yksilöllinen\"""", ""Laitetunnus"": ""RKE02"", ""01 Komponentin pääryhmä"": ""JAKELULAITTEET - SÄH"", ""Status"": ""\""Status\"""", ""04 Komponentin yleisnimi"": ""Jakokeskus"", ""02 Komponentin alaryhmä"": ""KESKUSLAITTEET - SÄH"", ""03 Komponentin koodi"": ""T-SAH-03-01-005"", ""05 Komponentin yleistunnus"": ""JKE"", ""id"": 32941}, ""FI_Sijainti"": {""Järjestelmien nimet"": ""Pääjakelu - vaihtosähkö"", ""Järjestelmien tunnukset"": ""S0301"", ""id"": 32963}, ""FI_Geometria"": {""Syvyys"": 350.0, ""Leveys"": 1500.0, ""Korkeus"": 1600.0, ""id"": 33025}}"
board_1uPDbvw6L0MgNr4AW2hEsV,1uPDbvw6L0MgNr4AW2hEsV,-,RKE02,IfcElectricDistributionBoard,,,Jakokeskus,floor_level_01,01_Kerros,50.621,62.634,55.8,400.0,3.0,0.0,,,0.0,0.0,S0301,Pääjakelu - vaihtosähkö,1500.0,1600.0,350.0,-,"Keskus, pinta, ovella, 1. krs (ofset 300mm lattiasta)",False,ELE_enriched.ifc,ifc_ele,ifc_derived,high,,"{""FI_Tekninen"": {""Nimellisvirta"": 0.0, ""Oikosulkukestoisuusarvo Icw"": 0.0, ""Oikosulkukestoisuusarvo Ipk"": 0.0, ""Vaiheiden lukumäärä"": 3.0, ""Jännite"": 400.0, ""id"": 32927}, ""FI_Asennus"": {""14 Komponentin alapinnan korko, kerroskorosta"": 299.999, ""02 Komponentin yläpinnan korko, abs."": 57399.999, ""04 Komponentin alapinnan korko, abs."": 55799.999, ""12 Komponentin yläpinnan korko, kerroskorosta"": 1899.999, ""13 Asennuskorko, kerroskorosta"": 300.0, ""03 Asennuskorko, abs."": 55800.0, ""id"": 32931}, ""FI_Tuote"": {""Tuotetyypin kommentti"": ""\""Tuotetyypin kommentti\"""", ""Tuotetyypin nimi"": ""-"", ""Tuotetyypin valmistaja"": ""-"", ""Tuotetyypin kuvaus"": ""Keskus, pinta, ovella, 1. krs (ofset 300mm lattiasta)"", ""Tuotteen kommentti"": ""\""Tuotteen kommentti\"""", ""id"": 32933}, ""FI_Komponentti"": {""Laitetunnus, yksilöllinen"": ""\""Laitetunnus, yksilöllinen\"""", ""Laitetunnus"": ""RKE02"", ""01 Komponentin pääryhmä"": ""JAKELULAITTEET - SÄH"", ""Status"": ""\""Status\"""", ""04 Komponentin yleisnimi"": ""Jakokeskus"", ""02 Komponentin alaryhmä"": ""KESKUSLAITTEET - SÄH"", ""03 Komponentin koodi"": ""T-SAH-03-01-005"", ""05 Komponentin yleistunnus"": ""JKE"", ""id"": 32941}, ""FI_Sijainti"": {""Järjestelmien nimet"": ""Pääjakelu - vaihtosähkö"", ""Järjestelmien tunnukset"": ""S0301"", ""id"": 32963}, ""FI_Geometria"": {""Syvyys"": 350.0, ""Leveys"": 1500.0, ""Korkeus"": 1600.0, ""id"": 33025}}"
board_1uPDbvw6L0MgNr4AW2hEs_,1uPDbvw6L0MgNr4AW2hEs_,-,RKT01,IfcElectricDistributionBoard,,,Ristikytkentäteline,floor_level_01,01_Kerros,49.546,63.442,55.5,230.0,1.0,,,,,,D0101,Yleiskaapelointi,600.0,2000.0,600.0,-,Ristikytkentäteline 800x800x2000,False,ELE_enriched.ifc,ifc_ele,ifc_derived,high,,"{""FI_Tuote"": {""Tuotetyypin kommentti"": ""\""Tuotetyypin kommentti\"""", ""Tuotetyypin kuvaus"": ""Ristikytkentäteline 800x800x2000"", ""Tuotetyypin nimi"": ""-"", ""Tuotetyypin valmistaja"": ""-"", ""Tuotteen kommentti"": ""\""Tuotteen kommentti\"""", ""id"": 32961}, ""FI_Tekninen"": {""Vaiheiden lukumäärä"": 1.0, ""Jännite"": 230.0, ""id"": 32965}, ""FI_Sijainti"": {""Järjestelmien nimet"": ""Yleiskaapelointi"", ""Järjestelmien tunnukset"": ""D0101"", ""id"": 32991}, ""FI_Asennus"": {""04 Komponentin alapinnan korko, abs."": 55499.998, ""13 Asennuskorko, kerroskorosta"": 0.0, ""03 Asennuskorko, abs."": 55500.0, ""12 Komponentin yläpinnan korko, kerroskorosta"": 2000.002, ""02 Komponentin yläpinnan korko, abs."": 57500.002, ""14 Komponentin alapinnan korko, kerroskorosta"": -0.002, ""id"": 32997}, ""FI_Geometria"": {""Leveys"": 600.0, ""Syvyys"": 600.0, ""Korkeus"": 2000.0, ""id"": 33027}, ""FI_Komponentti"": {""04 Komponentin yleisnimi"": ""Ristikytkentäteline"", ""Laitetunnus, yksilöllinen"": ""\""Laitetunnus, yksilöllinen\"""", ""Laitetunnus"": ""RKT01"", ""01 Komponentin pääryhmä"": ""JAKELULAITTEET - SÄH"", ""Status"": ""\""Status\"""", ""02 Komponentin alaryhmä"": ""KESKUSLAITTEET - SÄH"", ""03 Komponentin koodi"": ""T-SAH-03-01-007"", ""05 Komponentin yleistunnus"": ""RKT"", ""id"": 33037}}"
board_1uPDbvw6L0MgNr4AW2hEsX,1uPDbvw6L0MgNr4AW2hEsX,-,RKT01,IfcElectricDistributionBoard,,,Ristikytkentäteline,floor_level_01,01_Kerros,60.516,73.806,55.5,230.0,1.0,,,,,,D0101,Yleiskaapelointi,600.0,2000.0,600.0,-,Ristikytkentäteline 800x800x2000,False,ELE_enriched.ifc,ifc_ele,ifc_derived,high,,"{""FI_Tuote"": {""Tuotetyypin kommentti"": ""\""Tuotetyypin kommentti\"""", ""Tuotetyypin kuvaus"": ""Ristikytkentäteline 800x800x2000"", ""Tuotetyypin nimi"": ""-"", ""Tuotetyypin valmistaja"": ""-"", ""Tuotteen kommentti"": ""\""Tuotteen kommentti\"""", ""id"": 32961}, ""FI_Tekninen"": {""Vaiheiden lukumäärä"": 1.0, ""Jännite"": 230.0, ""id"": 32965}, ""FI_Sijainti"": {""Järjestelmien nimet"": ""Yleiskaapelointi"", ""Järjestelmien tunnukset"": ""D0101"", ""id"": 32991}, ""FI_Asennus"": {""04 Komponentin alapinnan korko, abs."": 55499.998, ""13 Asennuskorko, kerroskorosta"": 0.0, ""03 Asennuskorko, abs."": 55500.0, ""12 Komponentin yläpinnan korko, kerroskorosta"": 2000.002, ""02 Komponentin yläpinnan korko, abs."": 57500.002, ""14 Komponentin alapinnan korko, kerroskorosta"": -0.002, ""id"": 32997}, ""FI_Geometria"": {""Leveys"": 600.0, ""Syvyys"": 600.0, ""Korkeus"": 2000.0, ""id"": 33027}, ""FI_Komponentti"": {""04 Komponentin yleisnimi"": ""Ristikytkentäteline"", ""Laitetunnus, yksilöllinen"": ""\""Laitetunnus, yksilöllinen\"""", ""Laitetunnus"": ""RKT01"", ""01 Komponentin pääryhmä"": ""JAKELULAITTEET - SÄH"", ""Status"": ""\""Status\"""", ""02 Komponentin alaryhmä"": ""KESKUSLAITTEET - SÄH"", ""03 Komponentin koodi"": ""T-SAH-03-01-007"", ""05 Komponentin yleistunnus"": ""RKT"", ""id"": 33037}}"
board_1uPDbvw6L0MgNr4AW2hEtU,1uPDbvw6L0MgNr4AW2hEtU,-,RKE02,IfcElectricDistributionBoard,,,Jakokeskus,floor_level_01,01_Kerros,59.765,72.766,55.8,400.0,3.0,0.0,,,0.0,0.0,S0301,Pääjakelu - vaihtosähkö,1500.0,1600.0,350.0,-,"Keskus, pinta, ovella, 1. krs (ofset 300mm lattiasta)",False,ELE_enriched.ifc,ifc_ele,ifc_derived,high,,"{""FI_Tekninen"": {""Nimellisvirta"": 0.0, ""Oikosulkukestoisuusarvo Icw"": 0.0, ""Oikosulkukestoisuusarvo Ipk"": 0.0, ""Vaiheiden lukumäärä"": 3.0, ""Jännite"": 400.0, ""id"": 32927}, ""FI_Asennus"": {""14 Komponentin alapinnan korko, kerroskorosta"": 299.999, ""02 Komponentin yläpinnan korko, abs."": 57399.999, ""04 Komponentin alapinnan korko, abs."": 55799.999, ""12 Komponentin yläpinnan korko, kerroskorosta"": 1899.999, ""13 Asennuskorko, kerroskorosta"": 300.0, ""03 Asennuskorko, abs."": 55800.0, ""id"": 32931}, ""FI_Tuote"": {""Tuotetyypin kommentti"": ""\""Tuotetyypin kommentti\"""", ""Tuotetyypin nimi"": ""-"", ""Tuotetyypin valmistaja"": ""-"", ""Tuotetyypin kuvaus"": ""Keskus, pinta, ovella, 1. krs (ofset 300mm lattiasta)"", ""Tuotteen kommentti"": ""\""Tuotteen kommentti\"""", ""id"": 32933}, ""FI_Komponentti"": {""Laitetunnus, yksilöllinen"": ""\""Laitetunnus, yksilöllinen\"""", ""Laitetunnus"": ""RKE02"", ""01 Komponentin pääryhmä"": ""JAKELULAITTEET - SÄH"", ""Status"": ""\""Status\"""", ""04 Komponentin yleisnimi"": ""Jakokeskus"", ""02 Komponentin alaryhmä"": ""KESKUSLAITTEET - SÄH"", ""03 Komponentin koodi"": ""T-SAH-03-01-005"", ""05 Komponentin yleistunnus"": ""JKE"", ""id"": 32941}, ""FI_Sijainti"": {""Järjestelmien nimet"": ""Pääjakelu - vaihtosähkö"", ""Järjestelmien tunnukset"": ""S0301"", ""id"": 32963}, ""FI_Geometria"": {""Syvyys"": 350.0, ""Leveys"": 1500.0, ""Korkeus"": 1600.0, ""id"": 33025}}"
board_1aUKvm5Vn6pB1ZfN1xydf8,1aUKvm5Vn6pB1ZfN1xydf8,-,RKE08,IfcElectricDistributionBoard,,,Jakokeskus,floor_level_01,01_Kerros,19.561,33.965,55.5,400.0,3.0,0.0,,,0.0,0.0,S0301,Pääjakelu - vaihtosähkö,1000.0,2000.0,400.0,-,"Keskus, pinta, ovella, toimistokerrokset",False,ELE_enriched.ifc,ifc_ele,ifc_derived,high,,"{""FI_Tekninen"": {""Nimellisvirta"": 0.0, ""Oikosulkukestoisuusarvo Icw"": 0.0, ""Oikosulkukestoisuusarvo Ipk"": 0.0, ""Vaiheiden lukumäärä"": 3.0, ""Jännite"": 400.0, ""id"": 32927}, ""FI_Komponentti"": {""Laitetunnus, yksilöllinen"": ""\""Laitetunnus, yksilöllinen\"""", ""Laitetunnus"": ""RKE08"", ""01 Komponentin pääryhmä"": ""JAKELULAITTEET - SÄH"", ""Status"": ""\""Status\"""", ""04 Komponentin yleisnimi"": ""Jakokeskus"", ""02 Komponentin alaryhmä"": ""KESKUSLAITTEET - SÄH"", ""03 Komponentin koodi"": ""T-SAH-03-01-005"", ""05 Komponentin yleistunnus"": ""JKE"", ""id"": 32959}, ""FI_Sijainti"": {""Järjestelmien nimet"": ""Pääjakelu - vaihtosähkö"", ""Järjestelmien tunnukset"": ""S0301"", ""id"": 32963}, ""FI_Asennus"": {""04 Komponentin alapinnan korko, abs."": 55499.998, ""13 Asennuskorko, kerroskorosta"": 0.0, ""03 Asennuskorko, abs."": 55500.0, ""12 Komponentin yläpinnan korko, kerroskorosta"": 2000.002, ""02 Komponentin yläpinnan korko, abs."": 57500.002, ""14 Komponentin alapinnan korko, kerroskorosta"": -0.002, ""id"": 32997}, ""FI_Tuote"": {""Tuotetyypin kommentti"": ""\""Tuotetyypin kommentti\"""", ""Tuotetyypin kuvaus"": ""Keskus, pinta, ovella, toimistokerrokset"", ""Tuotetyypin nimi"": ""-"", ""Tuotetyypin valmistaja"": ""-"", ""Tuotteen kommentti"": ""\""Tuotteen kommentti\"""", ""id"": 33003}, ""FI_Geometria"": {""Syvyys"": 400.0, ""Leveys"": 1000.0, ""Korkeus"": 2000.0, ""id"": 33005}}"
board_3Sg96Yq1H0KeIY_4TWSz7a,3Sg96Yq1H0KeIY_4TWSz7a,-,RKE01,IfcElectricDistributionBoard,,,Jakokeskus,floor_level_02,02_Kerros,22.075,40.713,59.7,400.0,3.0,0.0,,,0.0,0.0,S0301,Pääjakelu - vaihtosähkö,1500.0,1900.0,350.0,-,"Keskus, pinta, ovella",False,ELE_enriched.ifc,ifc_ele,ifc_derived,high,,"{""FI_Tekninen"": {""Nimellisvirta"": 0.0, ""Oikosulkukestoisuusarvo Icw"": 0.0, ""Oikosulkukestoisuusarvo Ipk"": 0.0, ""Vaiheiden lukumäärä"": 3.0, ""Jännite"": 400.0, ""id"": 32927}, ""FI_Komponentti"": {""Laitetunnus, yksilöllinen"": ""\""Laitetunnus, yksilöllinen\"""", ""Laitetunnus"": ""RKE01"", ""01 Komponentin pääryhmä"": ""JAKELULAITTEET - SÄH"", ""Status"": ""\""Status\"""", ""04 Komponentin yleisnimi"": ""Jakokeskus"", ""02 Komponentin alaryhmä"": ""KESKUSLAITTEET - SÄH"", ""03 Komponentin koodi"": ""T-SAH-03-01-005"", ""05 Komponentin yleistunnus"": ""JKE"", ""id"": 32943}, ""FI_Geometria"": {""Syvyys"": 350.0, ""Leveys"": 1500.0, ""Korkeus"": 1900.0, ""id"": 32955}, ""FI_Sijainti"": {""Järjestelmien nimet"": ""Pääjakelu - vaihtosähkö"", ""Järjestelmien tunnukset"": ""S0301"", ""id"": 32963}, ""FI_Tuote"": {""Tuotetyypin kommentti"": ""\""Tuotetyypin kommentti\"""", ""Tuotetyypin kuvaus"": ""Keskus, pinta, ovella"", ""Tuotetyypin nimi"": ""-"", ""Tuotetyypin valmistaja"": ""-"", ""Tuotteen kommentti"": ""\""Tuotteen kommentti\"""", ""id"": 33015}, ""FI_Asennus"": {""04 Komponentin alapinnan korko, abs."": 63649.999, ""12 Komponentin yläpinnan korko, kerroskorosta"": 1899.999, ""02 Komponentin yläpinnan korko, abs."": 65549.999, ""13 Asennuskorko, kerroskorosta"": 0.0, ""03 Asennuskorko, abs."": 63650.0, ""14 Komponentin alapinnan korko, kerroskorosta"": -0.001, ""id"": 33029}}"
board_3Sg96Yq1H0KeIY_4TWSz7T,3Sg96Yq1H0KeIY_4TWSz7T,-,RKT01,IfcElectricDistributionBoard,,,Ristikytkentäteline,floor_level_02,02_Kerros,22.898,41.849,59.7,230.0,1.0,,,,,,D0101,Yleiskaapelointi,600.0,2000.0,600.0,-,Ristikytkentäteline 800x800x2000,False,ELE_enriched.ifc,ifc_ele,ifc_derived,high,,"{""FI_Tuote"": {""Tuotetyypin kommentti"": ""\""Tuotetyypin kommentti\"""", ""Tuotetyypin kuvaus"": ""Ristikytkentäteline 800x800x2000"", ""Tuotetyypin nimi"": ""-"", ""Tuotetyypin valmistaja"": ""-"", ""Tuotteen kommentti"": ""\""Tuotteen kommentti\"""", ""id"": 32961}, ""FI_Tekninen"": {""Vaiheiden lukumäärä"": 1.0, ""Jännite"": 230.0, ""id"": 32965}, ""FI_Asennus"": {""04 Komponentin alapinnan korko, abs."": 63649.999, ""13 Asennuskorko, kerroskorosta"": 0.0, ""03 Asennuskorko, abs."": 63650.0, ""02 Komponentin yläpinnan korko, abs."": 65650.002, ""12 Komponentin yläpinnan korko, kerroskorosta"": 2000.002, ""14 Komponentin alapinnan korko, kerroskorosta"": -0.001, ""id"": 32981}, ""FI_Sijainti"": {""Järjestelmien nimet"": ""Yleiskaapelointi"", ""Järjestelmien tunnukset"": ""D0101"", ""id"": 32991}, ""FI_Geometria"": {""Leveys"": 600.0, ""Syvyys"": 600.0, ""Korkeus"": 2000.0, ""id"": 33027}, ""FI_Komponentti"": {""04 Komponentin yleisnimi"": ""Ristikytkentäteline"", ""Laitetunnus, yksilöllinen"": ""\""Laitetunnus, yksilöllinen\"""", ""Laitetunnus"": ""RKT01"", ""01 Komponentin pääryhmä"": ""JAKELULAITTEET - SÄH"", ""Status"": ""\""Status\"""", ""02 Komponentin alaryhmä"": ""KESKUSLAITTEET - SÄH"", ""03 Komponentin koodi"": ""T-SAH-03-01-007"", ""05 Komponentin yleistunnus"": ""RKT"", ""id"": 33037}}"
board_3Sg96Yq1H0KeIY_4TWSz7S,3Sg96Yq1H0KeIY_4TWSz7S,-,RKE01,IfcElectricDistributionBoard,,,Jakokeskus,floor_level_02,02_Kerros,39.461,57.551,59.7,400.0,3.0,0.0,,,0.0,0.0,S0301,Pääjakelu - vaihtosähkö,1500.0,1900.0,350.0,-,"Keskus, pinta, ovella",False,ELE_enriched.ifc,ifc_ele,ifc_derived,high,,"{""FI_Tekninen"": {""Nimellisvirta"": 0.0, ""Oikosulkukestoisuusarvo Icw"": 0.0, ""Oikosulkukestoisuusarvo Ipk"": 0.0, ""Vaiheiden lukumäärä"": 3.0, ""Jännite"": 400.0, ""id"": 32927}, ""FI_Komponentti"": {""Laitetunnus, yksilöllinen"": ""\""Laitetunnus, yksilöllinen\"""", ""Laitetunnus"": ""RKE01"", ""01 Komponentin pääryhmä"": ""JAKELULAITTEET - SÄH"", ""Status"": ""\""Status\"""", ""04 Komponentin yleisnimi"": ""Jakokeskus"", ""02 Komponentin alaryhmä"": ""KESKUSLAITTEET - SÄH"", ""03 Komponentin koodi"": ""T-SAH-03-01-005"", ""05 Komponentin yleistunnus"": ""JKE"", ""id"": 32943}, ""FI_Geometria"": {""Syvyys"": 350.0, ""Leveys"": 1500.0, ""Korkeus"": 1900.0, ""id"": 32955}, ""FI_Sijainti"": {""Järjestelmien nimet"": ""Pääjakelu - vaihtosähkö"", ""Järjestelmien tunnukset"": ""S0301"", ""id"": 32963}, ""FI_Tuote"": {""Tuotetyypin kommentti"": ""\""Tuotetyypin kommentti\"""", ""Tuotetyypin kuvaus"": ""Keskus, pinta, ovella"", ""Tuotetyypin nimi"": ""-"", ""Tuotetyypin valmistaja"": ""-"", ""Tuotteen kommentti"": ""\""Tuotteen kommentti\"""", ""id"": 33015}, ""FI_Asennus"": {""04 Komponentin alapinnan korko, abs."": 63649.999, ""12 Komponentin yläpinnan korko, kerroskorosta"": 1899.999, ""02 Komponentin yläpinnan korko, abs."": 65549.999, ""13 Asennuskorko, kerroskorosta"": 0.0, ""03 Asennuskorko, abs."": 63650.0, ""14 Komponentin alapinnan korko, kerroskorosta"": -0.001, ""id"": 33029}}"
board_3Sg96Yq1H0KeIY_4TWSz7V,3Sg96Yq1H0KeIY_4TWSz7V,-,RKE01,IfcElectricDistributionBoard,,,Jakokeskus,floor_level_02,02_Kerros,39.576,57.647,59.7,400.0,3.0,0.0,,,0.0,0.0,S0301,Pääjakelu - vaihtosähkö,1500.0,1900.0,350.0,-,"Keskus, pinta, ovella",False,ELE_enriched.ifc,ifc_ele,ifc_derived,high,,"{""FI_Tekninen"": {""Nimellisvirta"": 0.0, ""Oikosulkukestoisuusarvo Icw"": 0.0, ""Oikosulkukestoisuusarvo Ipk"": 0.0, ""Vaiheiden lukumäärä"": 3.0, ""Jännite"": 400.0, ""id"": 32927}, ""FI_Komponentti"": {""Laitetunnus, yksilöllinen"": ""\""Laitetunnus, yksilöllinen\"""", ""Laitetunnus"": ""RKE01"", ""01 Komponentin pääryhmä"": ""JAKELULAITTEET - SÄH"", ""Status"": ""\""Status\"""", ""04 Komponentin yleisnimi"": ""Jakokeskus"", ""02 Komponentin alaryhmä"": ""KESKUSLAITTEET - SÄH"", ""03 Komponentin koodi"": ""T-SAH-03-01-005"", ""05 Komponentin yleistunnus"": ""JKE"", ""id"": 32943}, ""FI_Geometria"": {""Syvyys"": 350.0, ""Leveys"": 1500.0, ""Korkeus"": 1900.0, ""id"": 32955}, ""FI_Sijainti"": {""Järjestelmien nimet"": ""Pääjakelu - vaihtosähkö"", ""Järjestelmien tunnukset"": ""S0301"", ""id"": 32963}, ""FI_Tuote"": {""Tuotetyypin kommentti"": ""\""Tuotetyypin kommentti\"""", ""Tuotetyypin kuvaus"": ""Keskus, pinta, ovella"", ""Tuotetyypin nimi"": ""-"", ""Tuotetyypin valmistaja"": ""-"", ""Tuotteen kommentti"": ""\""Tuotteen kommentti\"""", ""id"": 33015}, ""FI_Asennus"": {""04 Komponentin alapinnan korko, abs."": 63649.999, ""12 Komponentin yläpinnan korko, kerroskorosta"": 1899.999, ""02 Komponentin yläpinnan korko, abs."": 65549.999, ""13 Asennuskorko, kerroskorosta"": 0.0, ""03 Asennuskorko, abs."": 63650.0, ""14 Komponentin alapinnan korko, kerroskorosta"": -0.001, ""id"": 33029}}"
board_3Sg96Yq1H0KeIY_4TWSz7U,3Sg96Yq1H0KeIY_4TWSz7U,-,RKE01,IfcElectricDistributionBoard,,,Jakokeskus,floor_level_02,02_Kerros,65.229,73.863,59.7,400.0,3.0,0.0,,,0.0,0.0,S0301,Pääjakelu - vaihtosähkö,1500.0,1900.0,350.0,-,"Keskus, pinta, ovella",False,ELE_enriched.ifc,ifc_ele,ifc_derived,high,,"{""FI_Tekninen"": {""Nimellisvirta"": 0.0, ""Oikosulkukestoisuusarvo Icw"": 0.0, ""Oikosulkukestoisuusarvo Ipk"": 0.0, ""Vaiheiden lukumäärä"": 3.0, ""Jännite"": 400.0, ""id"": 32927}, ""FI_Komponentti"": {""Laitetunnus, yksilöllinen"": ""\""Laitetunnus, yksilöllinen\"""", ""Laitetunnus"": ""RKE01"", ""01 Komponentin pääryhmä"": ""JAKELULAITTEET - SÄH"", ""Status"": ""\""Status\"""", ""04 Komponentin yleisnimi"": ""Jakokeskus"", ""02 Komponentin alaryhmä"": ""KESKUSLAITTEET - SÄH"", ""03 Komponentin koodi"": ""T-SAH-03-01-005"", ""05 Komponentin yleistunnus"": ""JKE"", ""id"": 32943}, ""FI_Geometria"": {""Syvyys"": 350.0, ""Leveys"": 1500.0, ""Korkeus"": 1900.0, ""id"": 32955}, ""FI_Sijainti"": {""Järjestelmien nimet"": ""Pääjakelu - vaihtosähkö"", ""Järjestelmien tunnukset"": ""S0301"", ""id"": 32963}, ""FI_Tuote"": {""Tuotetyypin kommentti"": ""\""Tuotetyypin kommentti\"""", ""Tuotetyypin kuvaus"": ""Keskus, pinta, ovella"", ""Tuotetyypin nimi"": ""-"", ""Tuotetyypin valmistaja"": ""-"", ""Tuotteen kommentti"": ""\""Tuotteen kommentti\"""", ""id"": 33015}, ""FI_Asennus"": {""04 Komponentin alapinnan korko, abs."": 63649.999, ""12 Komponentin yläpinnan korko, kerroskorosta"": 1899.999, ""02 Komponentin yläpinnan korko, abs."": 65549.999, ""13 Asennuskorko, kerroskorosta"": 0.0, ""03 Asennuskorko, abs."": 63650.0, ""14 Komponentin alapinnan korko, kerroskorosta"": -0.001, ""id"": 33029}}"
board_3Sg96Yq1H0KeIY_4TWSz7H,3Sg96Yq1H0KeIY_4TWSz7H,-,RKT01,IfcElectricDistributionBoard,,,Ristikytkentäteline,floor_level_02,02_Kerros,64.659,75.095,59.7,230.0,1.0,,,,,,D0101,Yleiskaapelointi,600.0,2000.0,600.0,-,Ristikytkentäteline 800x800x2000,False,ELE_enriched.ifc,ifc_ele,ifc_derived,high,,"{""FI_Tuote"": {""Tuotetyypin kommentti"": ""\""Tuotetyypin kommentti\"""", ""Tuotetyypin kuvaus"": ""Ristikytkentäteline 800x800x2000"", ""Tuotetyypin nimi"": ""-"", ""Tuotetyypin valmistaja"": ""-"", ""Tuotteen kommentti"": ""\""Tuotteen kommentti\"""", ""id"": 32961}, ""FI_Tekninen"": {""Vaiheiden lukumäärä"": 1.0, ""Jännite"": 230.0, ""id"": 32965}, ""FI_Asennus"": {""04 Komponentin alapinnan korko, abs."": 63649.999, ""13 Asennuskorko, kerroskorosta"": 0.0, ""03 Asennuskorko, abs."": 63650.0, ""02 Komponentin yläpinnan korko, abs."": 65650.002, ""12 Komponentin yläpinnan korko, kerroskorosta"": 2000.002, ""14 Komponentin alapinnan korko, kerroskorosta"": -0.001, ""id"": 32981}, ""FI_Sijainti"": {""Järjestelmien nimet"": ""Yleiskaapelointi"", ""Järjestelmien tunnukset"": ""D0101"", ""id"": 32991}, ""FI_Geometria"": {""Leveys"": 600.0, ""Syvyys"": 600.0, ""Korkeus"": 2000.0, ""id"": 33027}, ""FI_Komponentti"": {""04 Komponentin yleisnimi"": ""Ristikytkentäteline"", ""Laitetunnus, yksilöllinen"": ""\""Laitetunnus, yksilöllinen\"""", ""Laitetunnus"": ""RKT01"", ""01 Komponentin pääryhmä"": ""JAKELULAITTEET - SÄH"", ""Status"": ""\""Status\"""", ""02 Komponentin alaryhmä"": ""KESKUSLAITTEET - SÄH"", ""03 Komponentin koodi"": ""T-SAH-03-01-007"", ""05 Komponentin yleistunnus"": ""RKT"", ""id"": 33037}}"
board_3Sg96Yq1H0KeIY_4TWSz79,3Sg96Yq1H0KeIY_4TWSz79,-,RKT01,IfcElectricDistributionBoard,,,Ristikytkentäteline,floor_level_02,02_Kerros,39.989,56.404,59.7,230.0,1.0,,,,,,D0101,Yleiskaapelointi,600.0,2000.0,600.0,-,Ristikytkentäteline 800x800x2000,False,ELE_enriched.ifc,ifc_ele,ifc_derived,high,,"{""FI_Tuote"": {""Tuotetyypin kommentti"": ""\""Tuotetyypin kommentti\"""", ""Tuotetyypin kuvaus"": ""Ristikytkentäteline 800x800x2000"", ""Tuotetyypin nimi"": ""-"", ""Tuotetyypin valmistaja"": ""-"", ""Tuotteen kommentti"": ""\""Tuotteen kommentti\"""", ""id"": 32961}, ""FI_Tekninen"": {""Vaiheiden lukumäärä"": 1.0, ""Jännite"": 230.0, ""id"": 32965}, ""FI_Asennus"": {""04 Komponentin alapinnan korko, abs."": 63649.999, ""13 Asennuskorko, kerroskorosta"": 0.0, ""03 Asennuskorko, abs."": 63650.0, ""02 Komponentin yläpinnan korko, abs."": 65650.002, ""12 Komponentin yläpinnan korko, kerroskorosta"": 2000.002, ""14 Komponentin alapinnan korko, kerroskorosta"": -0.001, ""id"": 32981}, ""FI_Sijainti"": {""Järjestelmien nimet"": ""Yleiskaapelointi"", ""Järjestelmien tunnukset"": ""D0101"", ""id"": 32991}, ""FI_Geometria"": {""Leveys"": 600.0, ""Syvyys"": 600.0, ""Korkeus"": 2000.0, ""id"": 33027}, ""FI_Komponentti"": {""04 Komponentin yleisnimi"": ""Ristikytkentäteline"", ""Laitetunnus, yksilöllinen"": ""\""Laitetunnus, yksilöllinen\"""", ""Laitetunnus"": ""RKT01"", ""01 Komponentin pääryhmä"": ""JAKELULAITTEET - SÄH"", ""Status"": ""\""Status\"""", ""02 Komponentin alaryhmä"": ""KESKUSLAITTEET - SÄH"", ""03 Komponentin koodi"": ""T-SAH-03-01-007"", ""05 Komponentin yleistunnus"": ""RKT"", ""id"": 33037}}"
board_3Sg96Yq1H0KeIY_4TWSz78,3Sg96Yq1H0KeIY_4TWSz78,-,RKT01,IfcElectricDistributionBoard,,,Ristikytkentäteline,floor_level_02,02_Kerros,40.62,56.94,59.7,230.0,1.0,,,,,,D0101,Yleiskaapelointi,600.0,2000.0,600.0,-,Ristikytkentäteline 800x800x2000,False,ELE_enriched.ifc,ifc_ele,ifc_derived,high,,"{""FI_Tuote"": {""Tuotetyypin kommentti"": ""\""Tuotetyypin kommentti\"""", ""Tuotetyypin kuvaus"": ""Ristikytkentäteline 800x800x2000"", ""Tuotetyypin nimi"": ""-"", ""Tuotetyypin valmistaja"": ""-"", ""Tuotteen kommentti"": ""\""Tuotteen kommentti\"""", ""id"": 32961}, ""FI_Tekninen"": {""Vaiheiden lukumäärä"": 1.0, ""Jännite"": 230.0, ""id"": 32965}, ""FI_Asennus"": {""04 Komponentin alapinnan korko, abs."": 63649.999, ""13 Asennuskorko, kerroskorosta"": 0.0, ""03 Asennuskorko, abs."": 63650.0, ""02 Komponentin yläpinnan korko, abs."": 65650.002, ""12 Komponentin yläpinnan korko, kerroskorosta"": 2000.002, ""14 Komponentin alapinnan korko, kerroskorosta"": -0.001, ""id"": 32981}, ""FI_Sijainti"": {""Järjestelmien nimet"": ""Yleiskaapelointi"", ""Järjestelmien tunnukset"": ""D0101"", ""id"": 32991}, ""FI_Geometria"": {""Leveys"": 600.0, ""Syvyys"": 600.0, ""Korkeus"": 2000.0, ""id"": 33027}, ""FI_Komponentti"": {""04 Komponentin yleisnimi"": ""Ristikytkentäteline"", ""Laitetunnus, yksilöllinen"": ""\""Laitetunnus, yksilöllinen\"""", ""Laitetunnus"": ""RKT01"", ""01 Komponentin pääryhmä"": ""JAKELULAITTEET - SÄH"", ""Status"": ""\""Status\"""", ""02 Komponentin alaryhmä"": ""KESKUSLAITTEET - SÄH"", ""03 Komponentin koodi"": ""T-SAH-03-01-007"", ""05 Komponentin yleistunnus"": ""RKT"", ""id"": 33037}}"
board_2ILcbW7IvEOAriHq5LuDGn,2ILcbW7IvEOAriHq5LuDGn,-,RKE01,IfcElectricDistributionBoard,,,Jakokeskus,floor_level_03,03_Kerros,22.075,40.713,63.65,400.0,3.0,0.0,,,0.0,0.0,S0301,Pääjakelu - vaihtosähkö,1500.0,1900.0,350.0,-,"Keskus, pinta, ovella",False,ELE_enriched.ifc,ifc_ele,ifc_derived,high,,"{""FI_Tekninen"": {""Nimellisvirta"": 0.0, ""Oikosulkukestoisuusarvo Icw"": 0.0, ""Oikosulkukestoisuusarvo Ipk"": 0.0, ""Vaiheiden lukumäärä"": 3.0, ""Jännite"": 400.0, ""id"": 32927}, ""FI_Komponentti"": {""Laitetunnus, yksilöllinen"": ""\""Laitetunnus, yksilöllinen\"""", ""Laitetunnus"": ""RKE01"", ""01 Komponentin pääryhmä"": ""JAKELULAITTEET - SÄH"", ""Status"": ""\""Status\"""", ""04 Komponentin yleisnimi"": ""Jakokeskus"", ""02 Komponentin alaryhmä"": ""KESKUSLAITTEET - SÄH"", ""03 Komponentin koodi"": ""T-SAH-03-01-005"", ""05 Komponentin yleistunnus"": ""JKE"", ""id"": 32943}, ""FI_Geometria"": {""Syvyys"": 350.0, ""Leveys"": 1500.0, ""Korkeus"": 1900.0, ""id"": 32955}, ""FI_Sijainti"": {""Järjestelmien nimet"": ""Pääjakelu - vaihtosähkö"", ""Järjestelmien tunnukset"": ""S0301"", ""id"": 32963}, ""FI_Tuote"": {""Tuotetyypin kommentti"": ""\""Tuotetyypin kommentti\"""", ""Tuotetyypin kuvaus"": ""Keskus, pinta, ovella"", ""Tuotetyypin nimi"": ""-"", ""Tuotetyypin valmistaja"": ""-"", ""Tuotteen kommentti"": ""\""Tuotteen kommentti\"""", ""id"": 33015}, ""FI_Asennus"": {""04 Komponentin alapinnan korko, abs."": 63649.999, ""12 Komponentin yläpinnan korko, kerroskorosta"": 1899.999, ""02 Komponentin yläpinnan korko, abs."": 65549.999, ""13 Asennuskorko, kerroskorosta"": 0.0, ""03 Asennuskorko, abs."": 63650.0, ""14 Komponentin alapinnan korko, kerroskorosta"": -0.001, ""id"": 33029}}"
board_0irh5V91zCcfh8lHZeV4Fq,0irh5V91zCcfh8lHZeV4Fq,-,RKT01,IfcElectricDistributionBoard,,,Ristikytkentäteline,floor_level_03,03_Kerros,22.898,41.849,63.65,230.0,1.0,,,,,,D0101,Yleiskaapelointi,600.0,2000.0,600.0,-,Ristikytkentäteline 800x800x2000,False,ELE_enriched.ifc,ifc_ele,ifc_derived,high,,"{""FI_Tuote"": {""Tuotetyypin kommentti"": ""\""Tuotetyypin kommentti\"""", ""Tuotetyypin kuvaus"": ""Ristikytkentäteline 800x800x2000"", ""Tuotetyypin nimi"": ""-"", ""Tuotetyypin valmistaja"": ""-"", ""Tuotteen kommentti"": ""\""Tuotteen kommentti\"""", ""id"": 32961}, ""FI_Tekninen"": {""Vaiheiden lukumäärä"": 1.0, ""Jännite"": 230.0, ""id"": 32965}, ""FI_Asennus"": {""04 Komponentin alapinnan korko, abs."": 63649.999, ""13 Asennuskorko, kerroskorosta"": 0.0, ""03 Asennuskorko, abs."": 63650.0, ""02 Komponentin yläpinnan korko, abs."": 65650.002, ""12 Komponentin yläpinnan korko, kerroskorosta"": 2000.002, ""14 Komponentin alapinnan korko, kerroskorosta"": -0.001, ""id"": 32981}, ""FI_Sijainti"": {""Järjestelmien nimet"": ""Yleiskaapelointi"", ""Järjestelmien tunnukset"": ""D0101"", ""id"": 32991}, ""FI_Geometria"": {""Leveys"": 600.0, ""Syvyys"": 600.0, ""Korkeus"": 2000.0, ""id"": 33027}, ""FI_Komponentti"": {""04 Komponentin yleisnimi"": ""Ristikytkentäteline"", ""Laitetunnus, yksilöllinen"": ""\""Laitetunnus, yksilöllinen\"""", ""Laitetunnus"": ""RKT01"", ""01 Komponentin pääryhmä"": ""JAKELULAITTEET - SÄH"", ""Status"": ""\""Status\"""", ""02 Komponentin alaryhmä"": ""KESKUSLAITTEET - SÄH"", ""03 Komponentin koodi"": ""T-SAH-03-01-007"", ""05 Komponentin yleistunnus"": ""RKT"", ""id"": 33037}}"
board_3JIKR4ApD9Zubrv_yC0GIX,3JIKR4ApD9Zubrv_yC0GIX,-,RKE01,IfcElectricDistributionBoard,,,Jakokeskus,floor_level_03,03_Kerros,39.461,57.551,63.65,400.0,3.0,0.0,,,0.0,0.0,S0301,Pääjakelu - vaihtosähkö,1500.0,1900.0,350.0,-,"Keskus, pinta, ovella",False,ELE_enriched.ifc,ifc_ele,ifc_derived,high,,"{""FI_Tekninen"": {""Nimellisvirta"": 0.0, ""Oikosulkukestoisuusarvo Icw"": 0.0, ""Oikosulkukestoisuusarvo Ipk"": 0.0, ""Vaiheiden lukumäärä"": 3.0, ""Jännite"": 400.0, ""id"": 32927}, ""FI_Komponentti"": {""Laitetunnus, yksilöllinen"": ""\""Laitetunnus, yksilöllinen\"""", ""Laitetunnus"": ""RKE01"", ""01 Komponentin pääryhmä"": ""JAKELULAITTEET - SÄH"", ""Status"": ""\""Status\"""", ""04 Komponentin yleisnimi"": ""Jakokeskus"", ""02 Komponentin alaryhmä"": ""KESKUSLAITTEET - SÄH"", ""03 Komponentin koodi"": ""T-SAH-03-01-005"", ""05 Komponentin yleistunnus"": ""JKE"", ""id"": 32943}, ""FI_Geometria"": {""Syvyys"": 350.0, ""Leveys"": 1500.0, ""Korkeus"": 1900.0, ""id"": 32955}, ""FI_Sijainti"": {""Järjestelmien nimet"": ""Pääjakelu - vaihtosähkö"", ""Järjestelmien tunnukset"": ""S0301"", ""id"": 32963}, ""FI_Tuote"": {""Tuotetyypin kommentti"": ""\""Tuotetyypin kommentti\"""", ""Tuotetyypin kuvaus"": ""Keskus, pinta, ovella"", ""Tuotetyypin nimi"": ""-"", ""Tuotetyypin valmistaja"": ""-"", ""Tuotteen kommentti"": ""\""Tuotteen kommentti\"""", ""id"": 33015}, ""FI_Asennus"": {""04 Komponentin alapinnan korko, abs."": 63649.999, ""12 Komponentin yläpinnan korko, kerroskorosta"": 1899.999, ""02 Komponentin yläpinnan korko, abs."": 65549.999, ""13 Asennuskorko, kerroskorosta"": 0.0, ""03 Asennuskorko, abs."": 63650.0, ""14 Komponentin alapinnan korko, kerroskorosta"": -0.001, ""id"": 33029}}"
board_3JIKR4ApD9Zubrv_yC0GIg,3JIKR4ApD9Zubrv_yC0GIg,-,RKE01,IfcElectricDistributionBoard,,,Jakokeskus,floor_level_03,03_Kerros,39.576,57.647,63.65,400.0,3.0,0.0,,,0.0,0.0,S0301,Pääjakelu - vaihtosähkö,1500.0,1900.0,350.0,-,"Keskus, pinta, ovella",False,ELE_enriched.ifc,ifc_ele,ifc_derived,high,,"{""FI_Tekninen"": {""Nimellisvirta"": 0.0, ""Oikosulkukestoisuusarvo Icw"": 0.0, ""Oikosulkukestoisuusarvo Ipk"": 0.0, ""Vaiheiden lukumäärä"": 3.0, ""Jännite"": 400.0, ""id"": 32927}, ""FI_Komponentti"": {""Laitetunnus, yksilöllinen"": ""\""Laitetunnus, yksilöllinen\"""", ""Laitetunnus"": ""RKE01"", ""01 Komponentin pääryhmä"": ""JAKELULAITTEET - SÄH"", ""Status"": ""\""Status\"""", ""04 Komponentin yleisnimi"": ""Jakokeskus"", ""02 Komponentin alaryhmä"": ""KESKUSLAITTEET - SÄH"", ""03 Komponentin koodi"": ""T-SAH-03-01-005"", ""05 Komponentin yleistunnus"": ""JKE"", ""id"": 32943}, ""FI_Geometria"": {""Syvyys"": 350.0, ""Leveys"": 1500.0, ""Korkeus"": 1900.0, ""id"": 32955}, ""FI_Sijainti"": {""Järjestelmien nimet"": ""Pääjakelu - vaihtosähkö"", ""Järjestelmien tunnukset"": ""S0301"", ""id"": 32963}, ""FI_Tuote"": {""Tuotetyypin kommentti"": ""\""Tuotetyypin kommentti\"""", ""Tuotetyypin kuvaus"": ""Keskus, pinta, ovella"", ""Tuotetyypin nimi"": ""-"", ""Tuotetyypin valmistaja"": ""-"", ""Tuotteen kommentti"": ""\""Tuotteen kommentti\"""", ""id"": 33015}, ""FI_Asennus"": {""04 Komponentin alapinnan korko, abs."": 63649.999, ""12 Komponentin yläpinnan korko, kerroskorosta"": 1899.999, ""02 Komponentin yläpinnan korko, abs."": 65549.999, ""13 Asennuskorko, kerroskorosta"": 0.0, ""03 Asennuskorko, abs."": 63650.0, ""14 Komponentin alapinnan korko, kerroskorosta"": -0.001, ""id"": 33029}}"
board_0ySY4lCdb6wP8OlE3GnJKj,0ySY4lCdb6wP8OlE3GnJKj,-,RKE01,IfcElectricDistributionBoard,,,Jakokeskus,floor_level_03,03_Kerros,65.229,73.863,63.65,400.0,3.0,0.0,,,0.0,0.0,S0301,Pääjakelu - vaihtosähkö,1500.0,1900.0,350.0,-,"Keskus, pinta, ovella",False,ELE_enriched.ifc,ifc_ele,ifc_derived,high,,"{""FI_Tekninen"": {""Nimellisvirta"": 0.0, ""Oikosulkukestoisuusarvo Icw"": 0.0, ""Oikosulkukestoisuusarvo Ipk"": 0.0, ""Vaiheiden lukumäärä"": 3.0, ""Jännite"": 400.0, ""id"": 32927}, ""FI_Komponentti"": {""Laitetunnus, yksilöllinen"": ""\""Laitetunnus, yksilöllinen\"""", ""Laitetunnus"": ""RKE01"", ""01 Komponentin pääryhmä"": ""JAKELULAITTEET - SÄH"", ""Status"": ""\""Status\"""", ""04 Komponentin yleisnimi"": ""Jakokeskus"", ""02 Komponentin alaryhmä"": ""KESKUSLAITTEET - SÄH"", ""03 Komponentin koodi"": ""T-SAH-03-01-005"", ""05 Komponentin yleistunnus"": ""JKE"", ""id"": 32943}, ""FI_Geometria"": {""Syvyys"": 350.0, ""Leveys"": 1500.0, ""Korkeus"": 1900.0, ""id"": 32955}, ""FI_Sijainti"": {""Järjestelmien nimet"": ""Pääjakelu - vaihtosähkö"", ""Järjestelmien tunnukset"": ""S0301"", ""id"": 32963}, ""FI_Tuote"": {""Tuotetyypin kommentti"": ""\""Tuotetyypin kommentti\"""", ""Tuotetyypin kuvaus"": ""Keskus, pinta, ovella"", ""Tuotetyypin nimi"": ""-"", ""Tuotetyypin valmistaja"": ""-"", ""Tuotteen kommentti"": ""\""Tuotteen kommentti\"""", ""id"": 33015}, ""FI_Asennus"": {""04 Komponentin alapinnan korko, abs."": 63649.999, ""12 Komponentin yläpinnan korko, kerroskorosta"": 1899.999, ""02 Komponentin yläpinnan korko, abs."": 65549.999, ""13 Asennuskorko, kerroskorosta"": 0.0, ""03 Asennuskorko, abs."": 63650.0, ""14 Komponentin alapinnan korko, kerroskorosta"": -0.001, ""id"": 33029}}"
board_0ySY4lCdb6wP8OlE3GnJLh,0ySY4lCdb6wP8OlE3GnJLh,-,RKT01,IfcElectricDistributionBoard,,,Ristikytkentäteline,floor_level_03,03_Kerros,64.659,75.095,63.65,230.0,1.0,,,,,,D0101,Yleiskaapelointi,600.0,2000.0,600.0,-,Ristikytkentäteline 800x800x2000,False,ELE_enriched.ifc,ifc_ele,ifc_derived,high,,"{""FI_Tuote"": {""Tuotetyypin kommentti"": ""\""Tuotetyypin kommentti\"""", ""Tuotetyypin kuvaus"": ""Ristikytkentäteline 800x800x2000"", ""Tuotetyypin nimi"": ""-"", ""Tuotetyypin valmistaja"": ""-"", ""Tuotteen kommentti"": ""\""Tuotteen kommentti\"""", ""id"": 32961}, ""FI_Tekninen"": {""Vaiheiden lukumäärä"": 1.0, ""Jännite"": 230.0, ""id"": 32965}, ""FI_Asennus"": {""04 Komponentin alapinnan korko, abs."": 63649.999, ""13 Asennuskorko, kerroskorosta"": 0.0, ""03 Asennuskorko, abs."": 63650.0, ""02 Komponentin yläpinnan korko, abs."": 65650.002, ""12 Komponentin yläpinnan korko, kerroskorosta"": 2000.002, ""14 Komponentin alapinnan korko, kerroskorosta"": -0.001, ""id"": 32981}, ""FI_Sijainti"": {""Järjestelmien nimet"": ""Yleiskaapelointi"", ""Järjestelmien tunnukset"": ""D0101"", ""id"": 32991}, ""FI_Geometria"": {""Leveys"": 600.0, ""Syvyys"": 600.0, ""Korkeus"": 2000.0, ""id"": 33027}, ""FI_Komponentti"": {""04 Komponentin yleisnimi"": ""Ristikytkentäteline"", ""Laitetunnus, yksilöllinen"": ""\""Laitetunnus, yksilöllinen\"""", ""Laitetunnus"": ""RKT01"", ""01 Komponentin pääryhmä"": ""JAKELULAITTEET - SÄH"", ""Status"": ""\""Status\"""", ""02 Komponentin alaryhmä"": ""KESKUSLAITTEET - SÄH"", ""03 Komponentin koodi"": ""T-SAH-03-01-007"", ""05 Komponentin yleistunnus"": ""RKT"", ""id"": 33037}}"
board_3nAqxWAvT6Kwm_Yz__pXOi,3nAqxWAvT6Kwm$Yz_$pXOi,-,RKT01,IfcElectricDistributionBoard,,,Ristikytkentäteline,floor_level_03,03_Kerros,39.989,56.404,63.65,230.0,1.0,,,,,,D0101,Yleiskaapelointi,600.0,2000.0,600.0,-,Ristikytkentäteline 800x800x2000,False,ELE_enriched.ifc,ifc_ele,ifc_derived,high,,"{""FI_Tuote"": {""Tuotetyypin kommentti"": ""\""Tuotetyypin kommentti\"""", ""Tuotetyypin kuvaus"": ""Ristikytkentäteline 800x800x2000"", ""Tuotetyypin nimi"": ""-"", ""Tuotetyypin valmistaja"": ""-"", ""Tuotteen kommentti"": ""\""Tuotteen kommentti\"""", ""id"": 32961}, ""FI_Tekninen"": {""Vaiheiden lukumäärä"": 1.0, ""Jännite"": 230.0, ""id"": 32965}, ""FI_Asennus"": {""04 Komponentin alapinnan korko, abs."": 63649.999, ""13 Asennuskorko, kerroskorosta"": 0.0, ""03 Asennuskorko, abs."": 63650.0, ""02 Komponentin yläpinnan korko, abs."": 65650.002, ""12 Komponentin yläpinnan korko, kerroskorosta"": 2000.002, ""14 Komponentin alapinnan korko, kerroskorosta"": -0.001, ""id"": 32981}, ""FI_Sijainti"": {""Järjestelmien nimet"": ""Yleiskaapelointi"", ""Järjestelmien tunnukset"": ""D0101"", ""id"": 32991}, ""FI_Geometria"": {""Leveys"": 600.0, ""Syvyys"": 600.0, ""Korkeus"": 2000.0, ""id"": 33027}, ""FI_Komponentti"": {""04 Komponentin yleisnimi"": ""Ristikytkentäteline"", ""Laitetunnus, yksilöllinen"": ""\""Laitetunnus, yksilöllinen\"""", ""Laitetunnus"": ""RKT01"", ""01 Komponentin pääryhmä"": ""JAKELULAITTEET - SÄH"", ""Status"": ""\""Status\"""", ""02 Komponentin alaryhmä"": ""KESKUSLAITTEET - SÄH"", ""03 Komponentin koodi"": ""T-SAH-03-01-007"", ""05 Komponentin yleistunnus"": ""RKT"", ""id"": 33037}}"
board_3nAqxWAvT6Kwm_Yz__pXOI,3nAqxWAvT6Kwm$Yz_$pXOI,-,RKT01,IfcElectricDistributionBoard,,,Ristikytkentäteline,floor_level_03,03_Kerros,40.62,56.94,63.65,230.0,1.0,,,,,,D0101,Yleiskaapelointi,600.0,2000.0,600.0,-,Ristikytkentäteline 800x800x2000,False,ELE_enriched.ifc,ifc_ele,ifc_derived,high,,"{""FI_Tuote"": {""Tuotetyypin kommentti"": ""\""Tuotetyypin kommentti\"""", ""Tuotetyypin kuvaus"": ""Ristikytkentäteline 800x800x2000"", ""Tuotetyypin nimi"": ""-"", ""Tuotetyypin valmistaja"": ""-"", ""Tuotteen kommentti"": ""\""Tuotteen kommentti\"""", ""id"": 32961}, ""FI_Tekninen"": {""Vaiheiden lukumäärä"": 1.0, ""Jännite"": 230.0, ""id"": 32965}, ""FI_Asennus"": {""04 Komponentin alapinnan korko, abs."": 63649.999, ""13 Asennuskorko, kerroskorosta"": 0.0, ""03 Asennuskorko, abs."": 63650.0, ""02 Komponentin yläpinnan korko, abs."": 65650.002, ""12 Komponentin yläpinnan korko, kerroskorosta"": 2000.002, ""14 Komponentin alapinnan korko, kerroskorosta"": -0.001, ""id"": 32981}, ""FI_Sijainti"": {""Järjestelmien nimet"": ""Yleiskaapelointi"", ""Järjestelmien tunnukset"": ""D0101"", ""id"": 32991}, ""FI_Geometria"": {""Leveys"": 600.0, ""Syvyys"": 600.0, ""Korkeus"": 2000.0, ""id"": 33027}, ""FI_Komponentti"": {""04 Komponentin yleisnimi"": ""Ristikytkentäteline"", ""Laitetunnus, yksilöllinen"": ""\""Laitetunnus, yksilöllinen\"""", ""Laitetunnus"": ""RKT01"", ""01 Komponentin pääryhmä"": ""JAKELULAITTEET - SÄH"", ""Status"": ""\""Status\"""", ""02 Komponentin alaryhmä"": ""KESKUSLAITTEET - SÄH"", ""03 Komponentin koodi"": ""T-SAH-03-01-007"", ""05 Komponentin yleistunnus"": ""RKT"", ""id"": 33037}}"
board_3Sg96Yq1H0KeIY_4TWSyoh,3Sg96Yq1H0KeIY_4TWSyoh,-,RKE01,IfcElectricDistributionBoard,,,Jakokeskus,floor_level_04,04_Kerros,22.075,40.713,67.6,400.0,3.0,0.0,,,0.0,0.0,S0301,Pääjakelu - vaihtosähkö,1500.0,1900.0,350.0,-,"Keskus, pinta, ovella",False,ELE_enriched.ifc,ifc_ele,ifc_derived,high,,"{""FI_Tekninen"": {""Nimellisvirta"": 0.0, ""Oikosulkukestoisuusarvo Icw"": 0.0, ""Oikosulkukestoisuusarvo Ipk"": 0.0, ""Vaiheiden lukumäärä"": 3.0, ""Jännite"": 400.0, ""id"": 32927}, ""FI_Komponentti"": {""Laitetunnus, yksilöllinen"": ""\""Laitetunnus, yksilöllinen\"""", ""Laitetunnus"": ""RKE01"", ""01 Komponentin pääryhmä"": ""JAKELULAITTEET - SÄH"", ""Status"": ""\""Status\"""", ""04 Komponentin yleisnimi"": ""Jakokeskus"", ""02 Komponentin alaryhmä"": ""KESKUSLAITTEET - SÄH"", ""03 Komponentin koodi"": ""T-SAH-03-01-005"", ""05 Komponentin yleistunnus"": ""JKE"", ""id"": 32943}, ""FI_Geometria"": {""Syvyys"": 350.0, ""Leveys"": 1500.0, ""Korkeus"": 1900.0, ""id"": 32955}, ""FI_Sijainti"": {""Järjestelmien nimet"": ""Pääjakelu - vaihtosähkö"", ""Järjestelmien tunnukset"": ""S0301"", ""id"": 32963}, ""FI_Tuote"": {""Tuotetyypin kommentti"": ""\""Tuotetyypin kommentti\"""", ""Tuotetyypin kuvaus"": ""Keskus, pinta, ovella"", ""Tuotetyypin nimi"": ""-"", ""Tuotetyypin valmistaja"": ""-"", ""Tuotteen kommentti"": ""\""Tuotteen kommentti\"""", ""id"": 33015}, ""FI_Asennus"": {""04 Komponentin alapinnan korko, abs."": 63649.999, ""12 Komponentin yläpinnan korko, kerroskorosta"": 1899.999, ""02 Komponentin yläpinnan korko, abs."": 65549.999, ""13 Asennuskorko, kerroskorosta"": 0.0, ""03 Asennuskorko, abs."": 63650.0, ""14 Komponentin alapinnan korko, kerroskorosta"": -0.001, ""id"": 33029}}"
board_3Sg96Yq1H0KeIY_4TWSyoW,3Sg96Yq1H0KeIY_4TWSyoW,-,RKT01,IfcElectricDistributionBoard,,,Ristikytkentäteline,floor_level_04,04_Kerros,22.898,41.849,67.6,230.0,1.0,,,,,,D0101,Yleiskaapelointi,600.0,2000.0,600.0,-,Ristikytkentäteline 800x800x2000,False,ELE_enriched.ifc,ifc_ele,ifc_derived,high,,"{""FI_Tuote"": {""Tuotetyypin kommentti"": ""\""Tuotetyypin kommentti\"""", ""Tuotetyypin kuvaus"": ""Ristikytkentäteline 800x800x2000"", ""Tuotetyypin nimi"": ""-"", ""Tuotetyypin valmistaja"": ""-"", ""Tuotteen kommentti"": ""\""Tuotteen kommentti\"""", ""id"": 32961}, ""FI_Tekninen"": {""Vaiheiden lukumäärä"": 1.0, ""Jännite"": 230.0, ""id"": 32965}, ""FI_Asennus"": {""04 Komponentin alapinnan korko, abs."": 63649.999, ""13 Asennuskorko, kerroskorosta"": 0.0, ""03 Asennuskorko, abs."": 63650.0, ""02 Komponentin yläpinnan korko, abs."": 65650.002, ""12 Komponentin yläpinnan korko, kerroskorosta"": 2000.002, ""14 Komponentin alapinnan korko, kerroskorosta"": -0.001, ""id"": 32981}, ""FI_Sijainti"": {""Järjestelmien nimet"": ""Yleiskaapelointi"", ""Järjestelmien tunnukset"": ""D0101"", ""id"": 32991}, ""FI_Geometria"": {""Leveys"": 600.0, ""Syvyys"": 600.0, ""Korkeus"": 2000.0, ""id"": 33027}, ""FI_Komponentti"": {""04 Komponentin yleisnimi"": ""Ristikytkentäteline"", ""Laitetunnus, yksilöllinen"": ""\""Laitetunnus, yksilöllinen\"""", ""Laitetunnus"": ""RKT01"", ""01 Komponentin pääryhmä"": ""JAKELULAITTEET - SÄH"", ""Status"": ""\""Status\"""", ""02 Komponentin alaryhmä"": ""KESKUSLAITTEET - SÄH"", ""03 Komponentin koodi"": ""T-SAH-03-01-007"", ""05 Komponentin yleistunnus"": ""RKT"", ""id"": 33037}}"
board_3Sg96Yq1H0KeIY_4TWSyoZ,3Sg96Yq1H0KeIY_4TWSyoZ,-,RKE01,IfcElectricDistributionBoard,,,Jakokeskus,floor_level_04,04_Kerros,39.461,57.551,67.6,400.0,3.0,0.0,,,0.0,0.0,S0301,Pääjakelu - vaihtosähkö,1500.0,1900.0,350.0,-,"Keskus, pinta, ovella",False,ELE_enriched.ifc,ifc_ele,ifc_derived,high,,"{""FI_Tekninen"": {""Nimellisvirta"": 0.0, ""Oikosulkukestoisuusarvo Icw"": 0.0, ""Oikosulkukestoisuusarvo Ipk"": 0.0, ""Vaiheiden lukumäärä"": 3.0, ""Jännite"": 400.0, ""id"": 32927}, ""FI_Komponentti"": {""Laitetunnus, yksilöllinen"": ""\""Laitetunnus, yksilöllinen\"""", ""Laitetunnus"": ""RKE01"", ""01 Komponentin pääryhmä"": ""JAKELULAITTEET - SÄH"", ""Status"": ""\""Status\"""", ""04 Komponentin yleisnimi"": ""Jakokeskus"", ""02 Komponentin alaryhmä"": ""KESKUSLAITTEET - SÄH"", ""03 Komponentin koodi"": ""T-SAH-03-01-005"", ""05 Komponentin yleistunnus"": ""JKE"", ""id"": 32943}, ""FI_Geometria"": {""Syvyys"": 350.0, ""Leveys"": 1500.0, ""Korkeus"": 1900.0, ""id"": 32955}, ""FI_Sijainti"": {""Järjestelmien nimet"": ""Pääjakelu - vaihtosähkö"", ""Järjestelmien tunnukset"": ""S0301"", ""id"": 32963}, ""FI_Tuote"": {""Tuotetyypin kommentti"": ""\""Tuotetyypin kommentti\"""", ""Tuotetyypin kuvaus"": ""Keskus, pinta, ovella"", ""Tuotetyypin nimi"": ""-"", ""Tuotetyypin valmistaja"": ""-"", ""Tuotteen kommentti"": ""\""Tuotteen kommentti\"""", ""id"": 33015}, ""FI_Asennus"": {""04 Komponentin alapinnan korko, abs."": 63649.999, ""12 Komponentin yläpinnan korko, kerroskorosta"": 1899.999, ""02 Komponentin yläpinnan korko, abs."": 65549.999, ""13 Asennuskorko, kerroskorosta"": 0.0, ""03 Asennuskorko, abs."": 63650.0, ""14 Komponentin alapinnan korko, kerroskorosta"": -0.001, ""id"": 33029}}"
board_3Sg96Yq1H0KeIY_4TWSyoY,3Sg96Yq1H0KeIY_4TWSyoY,-,RKE01,IfcElectricDistributionBoard,,,Jakokeskus,floor_level_04,04_Kerros,39.576,57.647,67.6,400.0,3.0,0.0,,,0.0,0.0,S0301,Pääjakelu - vaihtosähkö,1500.0,1900.0,350.0,-,"Keskus, pinta, ovella",False,ELE_enriched.ifc,ifc_ele,ifc_derived,high,,"{""FI_Tekninen"": {""Nimellisvirta"": 0.0, ""Oikosulkukestoisuusarvo Icw"": 0.0, ""Oikosulkukestoisuusarvo Ipk"": 0.0, ""Vaiheiden lukumäärä"": 3.0, ""Jännite"": 400.0, ""id"": 32927}, ""FI_Komponentti"": {""Laitetunnus, yksilöllinen"": ""\""Laitetunnus, yksilöllinen\"""", ""Laitetunnus"": ""RKE01"", ""01 Komponentin pääryhmä"": ""JAKELULAITTEET - SÄH"", ""Status"": ""\""Status\"""", ""04 Komponentin yleisnimi"": ""Jakokeskus"", ""02 Komponentin alaryhmä"": ""KESKUSLAITTEET - SÄH"", ""03 Komponentin koodi"": ""T-SAH-03-01-005"", ""05 Komponentin yleistunnus"": ""JKE"", ""id"": 32943}, ""FI_Geometria"": {""Syvyys"": 350.0, ""Leveys"": 1500.0, ""Korkeus"": 1900.0, ""id"": 32955}, ""FI_Sijainti"": {""Järjestelmien nimet"": ""Pääjakelu - vaihtosähkö"", ""Järjestelmien tunnukset"": ""S0301"", ""id"": 32963}, ""FI_Tuote"": {""Tuotetyypin kommentti"": ""\""Tuotetyypin kommentti\"""", ""Tuotetyypin kuvaus"": ""Keskus, pinta, ovella"", ""Tuotetyypin nimi"": ""-"", ""Tuotetyypin valmistaja"": ""-"", ""Tuotteen kommentti"": ""\""Tuotteen kommentti\"""", ""id"": 33015}, ""FI_Asennus"": {""04 Komponentin alapinnan korko, abs."": 63649.999, ""12 Komponentin yläpinnan korko, kerroskorosta"": 1899.999, ""02 Komponentin yläpinnan korko, abs."": 65549.999, ""13 Asennuskorko, kerroskorosta"": 0.0, ""03 Asennuskorko, abs."": 63650.0, ""14 Komponentin alapinnan korko, kerroskorosta"": -0.001, ""id"": 33029}}"
board_3Sg96Yq1H0KeIY_4TWSyob,3Sg96Yq1H0KeIY_4TWSyob,-,RKE01,IfcElectricDistributionBoard,,,Jakokeskus,floor_level_04,04_Kerros,65.229,73.863,67.6,400.0,3.0,0.0,,,0.0,0.0,S0301,Pääjakelu - vaihtosähkö,1500.0,1900.0,350.0,-,"Keskus, pinta, ovella",False,ELE_enriched.ifc,ifc_ele,ifc_derived,high,,"{""FI_Tekninen"": {""Nimellisvirta"": 0.0, ""Oikosulkukestoisuusarvo Icw"": 0.0, ""Oikosulkukestoisuusarvo Ipk"": 0.0, ""Vaiheiden lukumäärä"": 3.0, ""Jännite"": 400.0, ""id"": 32927}, ""FI_Komponentti"": {""Laitetunnus, yksilöllinen"": ""\""Laitetunnus, yksilöllinen\"""", ""Laitetunnus"": ""RKE01"", ""01 Komponentin pääryhmä"": ""JAKELULAITTEET - SÄH"", ""Status"": ""\""Status\"""", ""04 Komponentin yleisnimi"": ""Jakokeskus"", ""02 Komponentin alaryhmä"": ""KESKUSLAITTEET - SÄH"", ""03 Komponentin koodi"": ""T-SAH-03-01-005"", ""05 Komponentin yleistunnus"": ""JKE"", ""id"": 32943}, ""FI_Geometria"": {""Syvyys"": 350.0, ""Leveys"": 1500.0, ""Korkeus"": 1900.0, ""id"": 32955}, ""FI_Sijainti"": {""Järjestelmien nimet"": ""Pääjakelu - vaihtosähkö"", ""Järjestelmien tunnukset"": ""S0301"", ""id"": 32963}, ""FI_Tuote"": {""Tuotetyypin kommentti"": ""\""Tuotetyypin kommentti\"""", ""Tuotetyypin kuvaus"": ""Keskus, pinta, ovella"", ""Tuotetyypin nimi"": ""-"", ""Tuotetyypin valmistaja"": ""-"", ""Tuotteen kommentti"": ""\""Tuotteen kommentti\"""", ""id"": 33015}, ""FI_Asennus"": {""04 Komponentin alapinnan korko, abs."": 63649.999, ""12 Komponentin yläpinnan korko, kerroskorosta"": 1899.999, ""02 Komponentin yläpinnan korko, abs."": 65549.999, ""13 Asennuskorko, kerroskorosta"": 0.0, ""03 Asennuskorko, abs."": 63650.0, ""14 Komponentin alapinnan korko, kerroskorosta"": -0.001, ""id"": 33029}}"
board_3Sg96Yq1H0KeIY_4TWSyoa,3Sg96Yq1H0KeIY_4TWSyoa,-,RKT01,IfcElectricDistributionBoard,,,Ristikytkentäteline,floor_level_04,04_Kerros,64.659,75.095,67.6,230.0,1.0,,,,,,D0101,Yleiskaapelointi,600.0,2000.0,600.0,-,Ristikytkentäteline 800x800x2000,False,ELE_enriched.ifc,ifc_ele,ifc_derived,high,,"{""FI_Tuote"": {""Tuotetyypin kommentti"": ""\""Tuotetyypin kommentti\"""", ""Tuotetyypin kuvaus"": ""Ristikytkentäteline 800x800x2000"", ""Tuotetyypin nimi"": ""-"", ""Tuotetyypin valmistaja"": ""-"", ""Tuotteen kommentti"": ""\""Tuotteen kommentti\"""", ""id"": 32961}, ""FI_Tekninen"": {""Vaiheiden lukumäärä"": 1.0, ""Jännite"": 230.0, ""id"": 32965}, ""FI_Asennus"": {""04 Komponentin alapinnan korko, abs."": 63649.999, ""13 Asennuskorko, kerroskorosta"": 0.0, ""03 Asennuskorko, abs."": 63650.0, ""02 Komponentin yläpinnan korko, abs."": 65650.002, ""12 Komponentin yläpinnan korko, kerroskorosta"": 2000.002, ""14 Komponentin alapinnan korko, kerroskorosta"": -0.001, ""id"": 32981}, ""FI_Sijainti"": {""Järjestelmien nimet"": ""Yleiskaapelointi"", ""Järjestelmien tunnukset"": ""D0101"", ""id"": 32991}, ""FI_Geometria"": {""Leveys"": 600.0, ""Syvyys"": 600.0, ""Korkeus"": 2000.0, ""id"": 33027}, ""FI_Komponentti"": {""04 Komponentin yleisnimi"": ""Ristikytkentäteline"", ""Laitetunnus, yksilöllinen"": ""\""Laitetunnus, yksilöllinen\"""", ""Laitetunnus"": ""RKT01"", ""01 Komponentin pääryhmä"": ""JAKELULAITTEET - SÄH"", ""Status"": ""\""Status\"""", ""02 Komponentin alaryhmä"": ""KESKUSLAITTEET - SÄH"", ""03 Komponentin koodi"": ""T-SAH-03-01-007"", ""05 Komponentin yleistunnus"": ""RKT"", ""id"": 33037}}"
board_3Sg96Yq1H0KeIY_4TWSyoS,3Sg96Yq1H0KeIY_4TWSyoS,-,RKT01,IfcElectricDistributionBoard,,,Ristikytkentäteline,floor_level_04,04_Kerros,39.989,56.404,67.6,230.0,1.0,,,,,,D0101,Yleiskaapelointi,600.0,2000.0,600.0,-,Ristikytkentäteline 800x800x2000,False,ELE_enriched.ifc,ifc_ele,ifc_derived,high,,"{""FI_Tuote"": {""Tuotetyypin kommentti"": ""\""Tuotetyypin kommentti\"""", ""Tuotetyypin kuvaus"": ""Ristikytkentäteline 800x800x2000"", ""Tuotetyypin nimi"": ""-"", ""Tuotetyypin valmistaja"": ""-"", ""Tuotteen kommentti"": ""\""Tuotteen kommentti\"""", ""id"": 32961}, ""FI_Tekninen"": {""Vaiheiden lukumäärä"": 1.0, ""Jännite"": 230.0, ""id"": 32965}, ""FI_Asennus"": {""04 Komponentin alapinnan korko, abs."": 63649.999, ""13 Asennuskorko, kerroskorosta"": 0.0, ""03 Asennuskorko, abs."": 63650.0, ""02 Komponentin yläpinnan korko, abs."": 65650.002, ""12 Komponentin yläpinnan korko, kerroskorosta"": 2000.002, ""14 Komponentin alapinnan korko, kerroskorosta"": -0.001, ""id"": 32981}, ""FI_Sijainti"": {""Järjestelmien nimet"": ""Yleiskaapelointi"", ""Järjestelmien tunnukset"": ""D0101"", ""id"": 32991}, ""FI_Geometria"": {""Leveys"": 600.0, ""Syvyys"": 600.0, ""Korkeus"": 2000.0, ""id"": 33027}, ""FI_Komponentti"": {""04 Komponentin yleisnimi"": ""Ristikytkentäteline"", ""Laitetunnus, yksilöllinen"": ""\""Laitetunnus, yksilöllinen\"""", ""Laitetunnus"": ""RKT01"", ""01 Komponentin pääryhmä"": ""JAKELULAITTEET - SÄH"", ""Status"": ""\""Status\"""", ""02 Komponentin alaryhmä"": ""KESKUSLAITTEET - SÄH"", ""03 Komponentin koodi"": ""T-SAH-03-01-007"", ""05 Komponentin yleistunnus"": ""RKT"", ""id"": 33037}}"
board_3Sg96Yq1H0KeIY_4TWSyoV,3Sg96Yq1H0KeIY_4TWSyoV,-,RKT01,IfcElectricDistributionBoard,,,Ristikytkentäteline,floor_level_04,04_Kerros,40.62,56.94,67.6,230.0,1.0,,,,,,D0101,Yleiskaapelointi,600.0,2000.0,600.0,-,Ristikytkentäteline 800x800x2000,False,ELE_enriched.ifc,ifc_ele,ifc_derived,high,,"{""FI_Tuote"": {""Tuotetyypin kommentti"": ""\""Tuotetyypin kommentti\"""", ""Tuotetyypin kuvaus"": ""Ristikytkentäteline 800x800x2000"", ""Tuotetyypin nimi"": ""-"", ""Tuotetyypin valmistaja"": ""-"", ""Tuotteen kommentti"": ""\""Tuotteen kommentti\"""", ""id"": 32961}, ""FI_Tekninen"": {""Vaiheiden lukumäärä"": 1.0, ""Jännite"": 230.0, ""id"": 32965}, ""FI_Asennus"": {""04 Komponentin alapinnan korko, abs."": 63649.999, ""13 Asennuskorko, kerroskorosta"": 0.0, ""03 Asennuskorko, abs."": 63650.0, ""02 Komponentin yläpinnan korko, abs."": 65650.002, ""12 Komponentin yläpinnan korko, kerroskorosta"": 2000.002, ""14 Komponentin alapinnan korko, kerroskorosta"": -0.001, ""id"": 32981}, ""FI_Sijainti"": {""Järjestelmien nimet"": ""Yleiskaapelointi"", ""Järjestelmien tunnukset"": ""D0101"", ""id"": 32991}, ""FI_Geometria"": {""Leveys"": 600.0, ""Syvyys"": 600.0, ""Korkeus"": 2000.0, ""id"": 33027}, ""FI_Komponentti"": {""04 Komponentin yleisnimi"": ""Ristikytkentäteline"", ""Laitetunnus, yksilöllinen"": ""\""Laitetunnus, yksilöllinen\"""", ""Laitetunnus"": ""RKT01"", ""01 Komponentin pääryhmä"": ""JAKELULAITTEET - SÄH"", ""Status"": ""\""Status\"""", ""02 Komponentin alaryhmä"": ""KESKUSLAITTEET - SÄH"", ""03 Komponentin koodi"": ""T-SAH-03-01-007"", ""05 Komponentin yleistunnus"": ""RKT"", ""id"": 33037}}"
board_0BApDNy4b68xPmOWc6gBjW,0BApDNy4b68xPmOWc6gBjW,-,RKE08,IfcElectricDistributionBoard,,,Jakokeskus,floor_level_05,05_Kerros,23.708,39.332,71.92,400.0,3.0,0.0,,,0.0,0.0,S0301,Pääjakelu - vaihtosähkö,1000.0,2000.0,400.0,-,"Keskus, pinta, ovella, toimistokerrokset",False,ELE_enriched.ifc,ifc_ele,ifc_derived,high,,"{""FI_Tekninen"": {""Nimellisvirta"": 0.0, ""Oikosulkukestoisuusarvo Icw"": 0.0, ""Oikosulkukestoisuusarvo Ipk"": 0.0, ""Vaiheiden lukumäärä"": 3.0, ""Jännite"": 400.0, ""id"": 32927}, ""FI_Asennus"": {""14 Komponentin alapinnan korko, kerroskorosta"": 0.001, ""13 Asennuskorko, kerroskorosta"": 0.0, ""12 Komponentin yläpinnan korko, kerroskorosta"": 2000.0, ""03 Asennuskorko, abs."": 71920.0, ""02 Komponentin yläpinnan korko, abs."": 73920.0, ""04 Komponentin alapinnan korko, abs."": 71920.001, ""id"": 32929}, ""FI_Komponentti"": {""Laitetunnus, yksilöllinen"": ""\""Laitetunnus, yksilöllinen\"""", ""Laitetunnus"": ""RKE08"", ""01 Komponentin pääryhmä"": ""JAKELULAITTEET - SÄH"", ""Status"": ""\""Status\"""", ""04 Komponentin yleisnimi"": ""Jakokeskus"", ""02 Komponentin alaryhmä"": ""KESKUSLAITTEET - SÄH"", ""03 Komponentin koodi"": ""T-SAH-03-01-005"", ""05 Komponentin yleistunnus"": ""JKE"", ""id"": 32959}, ""FI_Sijainti"": {""Järjestelmien nimet"": ""Pääjakelu - vaihtosähkö"", ""Järjestelmien tunnukset"": ""S0301"", ""id"": 32963}, ""FI_Tuote"": {""Tuotetyypin kommentti"": ""\""Tuotetyypin kommentti\"""", ""Tuotetyypin kuvaus"": ""Keskus, pinta, ovella, toimistokerrokset"", ""Tuotetyypin nimi"": ""-"", ""Tuotetyypin valmistaja"": ""-"", ""Tuotteen kommentti"": ""\""Tuotteen kommentti\"""", ""id"": 33003}, ""FI_Geometria"": {""Syvyys"": 400.0, ""Leveys"": 1000.0, ""Korkeus"": 2000.0, ""id"": 33005}}"
board_0BApDNy4b68xPmOWc6g5bB,0BApDNy4b68xPmOWc6g5bB,-,VVK01,IfcElectricDistributionBoard,,,Jakokeskus,floor_level_05,05_Kerros,43.289,50.59,71.92,400.0,3.0,0.0,,,0.0,0.0,S0301,Pääjakelu - vaihtosähkö,1000.0,2000.0,400.0,-,"Keskus, pinta, ovella, toimistokerrokset",False,ELE_enriched.ifc,ifc_ele,ifc_derived,high,,"{""FI_Tekninen"": {""Nimellisvirta"": 0.0, ""Oikosulkukestoisuusarvo Icw"": 0.0, ""Oikosulkukestoisuusarvo Ipk"": 0.0, ""Vaiheiden lukumäärä"": 3.0, ""Jännite"": 400.0, ""id"": 32927}, ""FI_Asennus"": {""14 Komponentin alapinnan korko, kerroskorosta"": 0.001, ""13 Asennuskorko, kerroskorosta"": 0.0, ""12 Komponentin yläpinnan korko, kerroskorosta"": 2000.0, ""03 Asennuskorko, abs."": 71920.0, ""02 Komponentin yläpinnan korko, abs."": 73920.0, ""04 Komponentin alapinnan korko, abs."": 71920.001, ""id"": 32929}, ""FI_Sijainti"": {""Järjestelmien nimet"": ""Pääjakelu - vaihtosähkö"", ""Järjestelmien tunnukset"": ""S0301"", ""id"": 32963}, ""FI_Komponentti"": {""Laitetunnus, yksilöllinen"": ""\""Laitetunnus, yksilöllinen\"""", ""Laitetunnus"": ""VVK01"", ""01 Komponentin pääryhmä"": ""JAKELULAITTEET - SÄH"", ""Status"": ""\""Status\"""", ""04 Komponentin yleisnimi"": ""Jakokeskus"", ""02 Komponentin alaryhmä"": ""KESKUSLAITTEET - SÄH"", ""03 Komponentin koodi"": ""T-SAH-03-01-005"", ""05 Komponentin yleistunnus"": ""JKE"", ""id"": 32999}, ""FI_Tuote"": {""Tuotetyypin kommentti"": ""\""Tuotetyypin kommentti\"""", ""Tuotetyypin kuvaus"": ""Keskus, pinta, ovella, toimistokerrokset"", ""Tuotetyypin nimi"": ""-"", ""Tuotetyypin valmistaja"": ""-"", ""Tuotteen kommentti"": ""\""Tuotteen kommentti\"""", ""id"": 33003}, ""FI_Geometria"": {""Syvyys"": 400.0, ""Leveys"": 1000.0, ""Korkeus"": 2000.0, ""id"": 33005}}"
board_0BApDNy4b68xPmOWc6g7w6,0BApDNy4b68xPmOWc6g7w6,-,RKE09,IfcElectricDistributionBoard,,,Jakokeskus,floor_level_05,05_Kerros,46.938,53.688,71.92,400.0,3.0,0.0,,,0.0,0.0,S0301,Pääjakelu - vaihtosähkö,5000.0,2000.0,400.0,-,"Keskus, pinta, ovella, toimistokerrokset",False,ELE_enriched.ifc,ifc_ele,ifc_derived,high,,"{""FI_Geometria"": {""Syvyys"": 400.0, ""Korkeus"": 2000.0, ""Leveys"": 5000.0, ""id"": 32925}, ""FI_Tekninen"": {""Nimellisvirta"": 0.0, ""Oikosulkukestoisuusarvo Icw"": 0.0, ""Oikosulkukestoisuusarvo Ipk"": 0.0, ""Vaiheiden lukumäärä"": 3.0, ""Jännite"": 400.0, ""id"": 32927}, ""FI_Asennus"": {""14 Komponentin alapinnan korko, kerroskorosta"": 0.001, ""13 Asennuskorko, kerroskorosta"": 0.0, ""12 Komponentin yläpinnan korko, kerroskorosta"": 2000.0, ""03 Asennuskorko, abs."": 71920.0, ""02 Komponentin yläpinnan korko, abs."": 73920.0, ""04 Komponentin alapinnan korko, abs."": 71920.001, ""id"": 32929}, ""FI_Komponentti"": {""Laitetunnus, yksilöllinen"": ""\""Laitetunnus, yksilöllinen\"""", ""Laitetunnus"": ""RKE09"", ""01 Komponentin pääryhmä"": ""JAKELULAITTEET - SÄH"", ""Status"": ""\""Status\"""", ""04 Komponentin yleisnimi"": ""Jakokeskus"", ""02 Komponentin alaryhmä"": ""KESKUSLAITTEET - SÄH"", ""03 Komponentin koodi"": ""T-SAH-03-01-005"", ""05 Komponentin yleistunnus"": ""JKE"", ""id"": 32957}, ""FI_Sijainti"": {""Järjestelmien nimet"": ""Pääjakelu - vaihtosähkö"", ""Järjestelmien tunnukset"": ""S0301"", ""id"": 32963}, ""FI_Tuote"": {""Tuotetyypin kommentti"": ""\""Tuotetyypin kommentti\"""", ""Tuotetyypin kuvaus"": ""Keskus, pinta, ovella, toimistokerrokset"", ""Tuotetyypin nimi"": ""-"", ""Tuotetyypin valmistaja"": ""-"", ""Tuotteen kommentti"": ""\""Tuotteen kommentti\"""", ""id"": 33003}}"
board_0BApDNy4b68xPmOWc6g7wd,0BApDNy4b68xPmOWc6g7wd,-,RKE08,IfcElectricDistributionBoard,,,Jakokeskus,floor_level_05,05_Kerros,66.828,75.3,71.92,400.0,3.0,0.0,,,0.0,0.0,S0301,Pääjakelu - vaihtosähkö,1000.0,2000.0,400.0,-,"Keskus, pinta, ovella, toimistokerrokset",False,ELE_enriched.ifc,ifc_ele,ifc_derived,high,,"{""FI_Tekninen"": {""Nimellisvirta"": 0.0, ""Oikosulkukestoisuusarvo Icw"": 0.0, ""Oikosulkukestoisuusarvo Ipk"": 0.0, ""Vaiheiden lukumäärä"": 3.0, ""Jännite"": 400.0, ""id"": 32927}, ""FI_Asennus"": {""14 Komponentin alapinnan korko, kerroskorosta"": 0.001, ""13 Asennuskorko, kerroskorosta"": 0.0, ""12 Komponentin yläpinnan korko, kerroskorosta"": 2000.0, ""03 Asennuskorko, abs."": 71920.0, ""02 Komponentin yläpinnan korko, abs."": 73920.0, ""04 Komponentin alapinnan korko, abs."": 71920.001, ""id"": 32929}, ""FI_Komponentti"": {""Laitetunnus, yksilöllinen"": ""\""Laitetunnus, yksilöllinen\"""", ""Laitetunnus"": ""RKE08"", ""01 Komponentin pääryhmä"": ""JAKELULAITTEET - SÄH"", ""Status"": ""\""Status\"""", ""04 Komponentin yleisnimi"": ""Jakokeskus"", ""02 Komponentin alaryhmä"": ""KESKUSLAITTEET - SÄH"", ""03 Komponentin koodi"": ""T-SAH-03-01-005"", ""05 Komponentin yleistunnus"": ""JKE"", ""id"": 32959}, ""FI_Sijainti"": {""Järjestelmien nimet"": ""Pääjakelu - vaihtosähkö"", ""Järjestelmien tunnukset"": ""S0301"", ""id"": 32963}, ""FI_Tuote"": {""Tuotetyypin kommentti"": ""\""Tuotetyypin kommentti\"""", ""Tuotetyypin kuvaus"": ""Keskus, pinta, ovella, toimistokerrokset"", ""Tuotetyypin nimi"": ""-"", ""Tuotetyypin valmistaja"": ""-"", ""Tuotteen kommentti"": ""\""Tuotteen kommentti\"""", ""id"": 33003}, ""FI_Geometria"": {""Syvyys"": 400.0, ""Leveys"": 1000.0, ""Korkeus"": 2000.0, ""id"": 33005}}"
board_2CLLxwql1ENgOMn_rShACC,2CLLxwql1ENgOMn$rShACC,-,RKT01,IfcElectricDistributionBoard,,,Ristikytkentäteline,floor_level_05,05_Kerros,51.683,62.778,71.92,230.0,1.0,,,,,,D0101,Yleiskaapelointi,600.0,2000.0,600.0,-,Ristikytkentäteline 800x800x2000,False,ELE_enriched.ifc,ifc_ele,ifc_derived,high,,"{""FI_Asennus"": {""14 Komponentin alapinnan korko, kerroskorosta"": 0.001, ""13 Asennuskorko, kerroskorosta"": 0.0, ""12 Komponentin yläpinnan korko, kerroskorosta"": 2000.0, ""03 Asennuskorko, abs."": 71920.0, ""02 Komponentin yläpinnan korko, abs."": 73920.0, ""04 Komponentin alapinnan korko, abs."": 71920.001, ""id"": 32929}, ""FI_Tuote"": {""Tuotetyypin kommentti"": ""\""Tuotetyypin kommentti\"""", ""Tuotetyypin kuvaus"": ""Ristikytkentäteline 800x800x2000"", ""Tuotetyypin nimi"": ""-"", ""Tuotetyypin valmistaja"": ""-"", ""Tuotteen kommentti"": ""\""Tuotteen kommentti\"""", ""id"": 32961}, ""FI_Tekninen"": {""Vaiheiden lukumäärä"": 1.0, ""Jännite"": 230.0, ""id"": 32965}, ""FI_Sijainti"": {""Järjestelmien nimet"": ""Yleiskaapelointi"", ""Järjestelmien tunnukset"": ""D0101"", ""id"": 32991}, ""FI_Geometria"": {""Leveys"": 600.0, ""Syvyys"": 600.0, ""Korkeus"": 2000.0, ""id"": 33027}, ""FI_Komponentti"": {""04 Komponentin yleisnimi"": ""Ristikytkentäteline"", ""Laitetunnus, yksilöllinen"": ""\""Laitetunnus, yksilöllinen\"""", ""Laitetunnus"": ""RKT01"", ""01 Komponentin pääryhmä"": ""JAKELULAITTEET - SÄH"", ""Status"": ""\""Status\"""", ""02 Komponentin alaryhmä"": ""KESKUSLAITTEET - SÄH"", ""03 Komponentin koodi"": ""T-SAH-03-01-007"", ""05 Komponentin yleistunnus"": ""RKT"", ""id"": 33037}}"
board_2CLLxwql1ENgOMn_rShACR,2CLLxwql1ENgOMn$rShACR,-,RKE01,IfcElectricDistributionBoard,,,Jakokeskus,floor_level_05,05_Kerros,50.603,63.586,71.92,400.0,3.0,0.0,,,0.0,0.0,S0301,Pääjakelu - vaihtosähkö,1500.0,1900.0,350.0,-,"Keskus, pinta, ovella",False,ELE_enriched.ifc,ifc_ele,ifc_derived,high,,"{""FI_Tekninen"": {""Nimellisvirta"": 0.0, ""Oikosulkukestoisuusarvo Icw"": 0.0, ""Oikosulkukestoisuusarvo Ipk"": 0.0, ""Vaiheiden lukumäärä"": 3.0, ""Jännite"": 400.0, ""id"": 32927}, ""FI_Komponentti"": {""Laitetunnus, yksilöllinen"": ""\""Laitetunnus, yksilöllinen\"""", ""Laitetunnus"": ""RKE01"", ""01 Komponentin pääryhmä"": ""JAKELULAITTEET - SÄH"", ""Status"": ""\""Status\"""", ""04 Komponentin yleisnimi"": ""Jakokeskus"", ""02 Komponentin alaryhmä"": ""KESKUSLAITTEET - SÄH"", ""03 Komponentin koodi"": ""T-SAH-03-01-005"", ""05 Komponentin yleistunnus"": ""JKE"", ""id"": 32943}, ""FI_Geometria"": {""Syvyys"": 350.0, ""Leveys"": 1500.0, ""Korkeus"": 1900.0, ""id"": 32955}, ""FI_Sijainti"": {""Järjestelmien nimet"": ""Pääjakelu - vaihtosähkö"", ""Järjestelmien tunnukset"": ""S0301"", ""id"": 32963}, ""FI_Asennus"": {""14 Komponentin alapinnan korko, kerroskorosta"": 0.001, ""13 Asennuskorko, kerroskorosta"": 0.0, ""03 Asennuskorko, abs."": 71920.0, ""04 Komponentin alapinnan korko, abs."": 71920.001, ""02 Komponentin yläpinnan korko, abs."": 73820.001, ""12 Komponentin yläpinnan korko, kerroskorosta"": 1900.001, ""id"": 32977}, ""FI_Tuote"": {""Tuotetyypin kommentti"": ""\""Tuotetyypin kommentti\"""", ""Tuotetyypin kuvaus"": ""Keskus, pinta, ovella"", ""Tuotetyypin nimi"": ""-"", ""Tuotetyypin valmistaja"": ""-"", ""Tuotteen kommentti"": ""\""Tuotteen kommentti\"""", ""id"": 33015}}"
