zone_id,room_id,ifc_global_id,eplus_zone_name,floor_id,storey,room_type,long_name,number,area_m2,volume_m3,usage_type,controllable,in_gold,source_system,value_class,confidence
tz_2Xe6rbtYzAqhfyXbKpPSqj,room_2Xe6rbtYzAqhfyXbKpPSqj,2Xe6rbtYzAqhfyXbKpPSqj,ZN_0001_12B24915,floor_basement,Basement,circulation,STAIRCASE,001,25.3945,96.4991,ifc_supported_ptac,False,True,ifc_arch,ifc_derived,high
tz_2Xe6rbtYzAqhfyXbKpPSmb,room_2Xe6rbtYzAqhfyXbKpPSmb,2Xe6rbtYzAqhfyXbKpPSmb,ZN_0002_2F584023,floor_basement,Basement,circulation,STAIRCASE,002,27.084,102.919,ifc_supported_ptac,False,True,ifc_arch,ifc_derived,high
tz_2T7gRjEFvBgRaNLZHAfExM,room_2T7gRjEFvBgRaNLZHAfExM,2T7gRjEFvBgRaNLZHAfExM,ZN_0003_4700456C,floor_basement,Basement,circulation,STAIRCASE,003,15.4939,58.8768,ifc_supported_ptac,False,True,ifc_arch,ifc_derived,high
tz_2QItuhiMv8FuPzP3Ob1NJb,room_2QItuhiMv8FuPzP3Ob1NJb,2QItuhiMv8FuPzP3Ob1NJb,ZN_0004_25E92350,floor_basement,Basement,amenity,BREAK ROOM,012,16.4441,62.4876,ifc_supported_ptac,False,True,ifc_arch,ifc_derived,high
tz_2W9Cn8Smn0xwjpo8lUzELc,room_2W9Cn8Smn0xwjpo8lUzELc,2W9Cn8Smn0xwjpo8lUzELc,ZN_0005_EFA813DD,floor_basement,Basement,amenity,GYM,020,161.302,580.687,ifc_supported_ptac,False,True,ifc_arch,ifc_derived,high
tz_38X23Znkr2XwCxu0x_LNZN,room_38X23Znkr2XwCxu0x_LNZN,38X23Znkr2XwCxu0x$LNZN,ZN_0006_4407D7F3,floor_basement,Basement,hallway,CORRIDOR,021,7.59506,28.8612,fallback_ptac_for_conditioned_zone,False,True,ifc_arch,ifc_derived,high
tz_1VG1As2i9CNAES2YSNmuPp,room_1VG1As2i9CNAES2YSNmuPp,1VG1As2i9CNAES2YSNmuPp,ZN_0007_D6F3BDF2,floor_basement,Basement,utility,SHELTER,022,105.524,400.991,unconditioned_zone,False,True,ifc_arch,ifc_derived,high
tz_2jhaHNpo55guKudM9wZa7X,room_2jhaHNpo55guKudM9wZa7X,2jhaHNpo55guKudM9wZa7X,ZN_0008_AACD45D4,floor_basement,Basement,amenity,BREAK ROOM,023,10.528,40.0065,ifc_supported_ptac,False,True,ifc_arch,ifc_derived,high
tz_1d5Bmt5s12axuaGQA2o2sr,room_1d5Bmt5s12axuaGQA2o2sr,1d5Bmt5s12axuaGQA2o2sr,ZN_0009_4DD171D8,floor_basement,Basement,hallway,CORRIDOR,030,147.443,560.283,ifc_supported_ptac,False,True,ifc_arch,ifc_derived,high
tz_3xtnrBUgHBCwRh_xfyB8zE,room_3xtnrBUgHBCwRh_xfyB8zE,3xtnrBUgHBCwRh$xfyB8zE,ZN_0010_CDF1301F,floor_level_01,Level_01,lobby,LOBBY,100,268.134,1126.16,ifc_supported_ptac,False,True,ifc_arch,ifc_derived,high
tz_1CEwDhGXz6rf1qZbuMomS3,room_1CEwDhGXz6rf1qZbuMomS3,1CEwDhGXz6rf1qZbuMomS3,ZN_0011_666FDF42,floor_level_01,Level_01,circulation,STAIRCASE,101,25.5555,107.333,fallback_ptac_for_conditioned_zone,False,True,ifc_arch,ifc_derived,high
tz_3eHc4RiQ5C9u5ExHSqeXsn,room_3eHc4RiQ5C9u5ExHSqeXsn,3eHc4RiQ5C9u5ExHSqeXsn,ZN_0012_CCD0FB84,floor_level_01,Level_01,circulation,STAIRCASE,102,25.5568,107.339,fallback_ptac_for_conditioned_zone,False,True,ifc_arch,ifc_derived,high
tz_3jzuKaCoj7duM8YUpx6KXa,room_3jzuKaCoj7duM8YUpx6KXa,3jzuKaCoj7duM8YUpx6KXa,ZN_0013_CA43A6D5,floor_level_01,Level_01,circulation,STAIRCASE,103,18.0208,75.6875,ifc_supported_ptac,False,True,ifc_arch,ifc_derived,high
tz_3jzuKaCoj7duM8YUpx6IdZ,room_3jzuKaCoj7duM8YUpx6IdZ,3jzuKaCoj7duM8YUpx6IdZ,ZN_0014_216FB997,floor_level_01,Level_01,amenity,KITCHEN,110,84.6468,355.516,ifc_supported_ptac,False,True,ifc_arch,ifc_derived,high
tz_3jzuKaCoj7duM8YUpx6Khz,room_3jzuKaCoj7duM8YUpx6Khz,3jzuKaCoj7duM8YUpx6Khz,ZN_0015_F88985B3,floor_level_01,Level_01,hallway,CORRIDOR,120,11.3767,47.782,ifc_supported_ptac,False,True,ifc_arch,ifc_derived,high
tz_0qZtwNut1C6QT5uDplIc_N,room_0qZtwNut1C6QT5uDplIc_N,0qZtwNut1C6QT5uDplIc_N,ZN_0016_403E76CD,floor_basement,Basement,amenity,LOCKER ROOM,0121,52.0216,197.682,ifc_supported_ptac,False,True,ifc_arch,ifc_derived,high
tz_1mvwF0Vfb88Ad0u_CxGh8v,room_1mvwF0Vfb88Ad0u_CxGh8v,1mvwF0Vfb88Ad0u_CxGh8v,ZN_0017_645665DC,floor_basement,Basement,utility,WASHING ROOM,0122,3.80803,14.4705,ifc_supported_ptac,False,True,ifc_arch,ifc_derived,high
tz_1mvwF0Vfb88Ad0u_CxGhB1,room_1mvwF0Vfb88Ad0u_CxGhB1,1mvwF0Vfb88Ad0u_CxGhB1,ZN_0018_FF16F60F,floor_basement,Basement,utility,WASHING ROOM,0123,3.69827,14.0534,ifc_supported_ptac,False,True,ifc_arch,ifc_derived,high
tz_1mvwF0Vfb88Ad0u_CxGgL_,room_1mvwF0Vfb88Ad0u_CxGgL_,1mvwF0Vfb88Ad0u_CxGgL$,ZN_0019_E1546479,floor_basement,Basement,utility,WASHING ROOM,0124,2.60154,9.88585,ifc_supported_ptac,False,True,ifc_arch,ifc_derived,high
tz_1mvwF0Vfb88Ad0u_CxGgLz,room_1mvwF0Vfb88Ad0u_CxGgLz,1mvwF0Vfb88Ad0u_CxGgLz,ZN_0020_E4647E0B,floor_basement,Basement,utility,WASHING ROOM,0125,2.60154,9.88585,ifc_supported_ptac,False,True,ifc_arch,ifc_derived,high
tz_1mvwF0Vfb88Ad0u_CxGgLZ,room_1mvwF0Vfb88Ad0u_CxGgLZ,1mvwF0Vfb88Ad0u_CxGgLZ,ZN_0021_D0A7D8D3,floor_basement,Basement,office,BATHROOM / ACCESSIBLE,0126,6.5898,25.0412,ifc_supported_ptac,False,True,ifc_arch,ifc_derived,high
tz_0qZtwNut1C6QT5uDplIctO,room_0qZtwNut1C6QT5uDplIctO,0qZtwNut1C6QT5uDplIctO,ZN_0022_CCAC5F6A,floor_basement,Basement,utility,TOILET,0127,1.77554,6.39193,ifc_supported_ptac,False,True,ifc_arch,ifc_derived,high
tz_0tWM7C8ybBZQ4c5DL1_lzg,room_0tWM7C8ybBZQ4c5DL1_lzg,0tWM7C8ybBZQ4c5DL1$lzg,ZN_0023_A8AB6EC0,floor_level_01,Level_01,office,AUDITORIUM,130,53.6986,225.534,ifc_supported_ptac,False,True,ifc_arch,ifc_derived,high
tz_2EmhthfYTF_hx0gAAa2KtI,room_2EmhthfYTF_hx0gAAa2KtI,2EmhthfYTF$hx0gAAa2KtI,ZN_0024_2C71F249,floor_level_01,Level_01,office,BUSINESS SPACE,140,117.112,491.868,ifc_supported_ptac,False,True,ifc_arch,ifc_derived,high
tz_3jCS7E4Nb3qBkgP0MIotWt,room_3jCS7E4Nb3qBkgP0MIotWt,3jCS7E4Nb3qBkgP0MIotWt,ZN_0025_1AA93AF2,floor_level_01,Level_01,office,CLEANING,141,2.05357,8.625,fallback_ptac_for_conditioned_zone,False,True,ifc_arch,ifc_derived,high
tz_3jCS7E4Nb3qBkgP0MIoqPQ,room_3jCS7E4Nb3qBkgP0MIoqPQ,3jCS7E4Nb3qBkgP0MIoqPQ,ZN_0026_11101CB4,floor_level_01,Level_01,office,INFO,142,5.25136,22.0557,ifc_supported_ptac,False,True,ifc_arch,ifc_derived,high
tz_3jCS7E4Nb3qBkgP0MIoqGs,room_3jCS7E4Nb3qBkgP0MIoqGs,3jCS7E4Nb3qBkgP0MIoqGs,ZN_0027_09FD8042,floor_level_01,Level_01,office,TOILET / ACCESSIBLE,143,5.57143,23.4,ifc_supported_ptac,False,True,ifc_arch,ifc_derived,high
tz_3xtnrBUgHBCwRh_xfyB626,room_3xtnrBUgHBCwRh_xfyB626,3xtnrBUgHBCwRh$xfyB626,ZN_0028_99B51E86,floor_level_01,Level_01,office,PARKING,150,408.368,1388.45,unconditioned_zone,False,True,ifc_arch,ifc_derived,high
tz_3b3bVmE5P4tBwtV6k__euI,room_3b3bVmE5P4tBwtV6k__euI,3b3bVmE5P4tBwtV6k_$euI,ZN_0029_EBFF8A64,floor_level_03,Level_03,office,TOILET / ACCESSIBLE,151,4.89114,19.32,ifc_supported_ptac,False,True,ifc_arch,ifc_derived,high
tz_3b3bVmE5P4tBwtV6k__eqi,room_3b3bVmE5P4tBwtV6k__eqi,3b3bVmE5P4tBwtV6k_$eqi,ZN_0030_D2E42246,floor_level_03,Level_03,office,TOILET / ACCESSIBLE,152,4.89114,19.32,ifc_supported_ptac,False,True,ifc_arch,ifc_derived,high
tz_3b3bVmE5P4tBwtV6k__e0O,room_3b3bVmE5P4tBwtV6k__e0O,3b3bVmE5P4tBwtV6k_$e0O,ZN_0031_FAD1FC41,floor_level_04,Level_04,office,TOILET / ACCESSIBLE,153,4.38278,18.9336,ifc_supported_ptac,False,True,ifc_arch,ifc_derived,high
tz_3b3bVmE5P4tBwtV6k__e4Q,room_3b3bVmE5P4tBwtV6k__e4Q,3b3bVmE5P4tBwtV6k_$e4Q,ZN_0032_6F561391,floor_level_04,Level_04,office,TOILET / ACCESSIBLE,154,4.38278,18.9336,ifc_supported_ptac,False,True,ifc_arch,ifc_derived,high
tz_3H2AkZFqzChQTN2UOTW_7V,room_3H2AkZFqzChQTN2UOTW_7V,3H2AkZFqzChQTN2UOTW$7V,ZN_0033_D39EEAB2,floor_level_02,Level_02,circulation,STAIRCASE,201,25.7703,101.793,ifc_supported_ptac,False,True,ifc_arch,ifc_derived,high
tz_3H2AkZFqzChQTN2UOTW_62,room_3H2AkZFqzChQTN2UOTW_62,3H2AkZFqzChQTN2UOTW$62,ZN_0034_07287086,floor_level_02,Level_02,circulation,STAIRCASE,202,25.6159,101.183,ifc_supported_ptac,False,True,ifc_arch,ifc_derived,high
tz_3xtnrBUgHBCwRh_xfyB4Ic,room_3xtnrBUgHBCwRh_xfyB4Ic,3xtnrBUgHBCwRh$xfyB4Ic,ZN_0035_F6236351,floor_level_02,Level_02,hallway,CORRIDOR,210,14.3866,56.8269,ifc_supported_ptac,False,True,ifc_arch,ifc_derived,high
tz_3xtnrBUgHBCwRh_xfyB4IZ,room_3xtnrBUgHBCwRh_xfyB4IZ,3xtnrBUgHBCwRh$xfyB4IZ,ZN_0036_E3B484D9,floor_level_02,Level_02,open_office,OPEN OFFICE,220,354.736,1401.21,ifc_supported_ptac,False,True,ifc_arch,ifc_derived,high
tz_3xtnrBUgHBCwRh_xfyB1VR,room_3xtnrBUgHBCwRh_xfyB1VR,3xtnrBUgHBCwRh$xfyB1VR,ZN_0037_D1EA7236,floor_level_02,Level_02,open_office,OPEN OFFICE,230,302.851,1196.26,ifc_supported_ptac,False,True,ifc_arch,ifc_derived,high
tz_2jhaHNpo55guKudM9wZa8C,room_2jhaHNpo55guKudM9wZa8C,2jhaHNpo55guKudM9wZa8C,ZN_0038_CD8851FE,floor_basement,Basement,amenity,LOCKER ROOM,0231,37.7929,136.055,ifc_supported_ptac,False,True,ifc_arch,ifc_derived,high
tz_2jhaHNpo55guKudM9wZa8A,room_2jhaHNpo55guKudM9wZa8A,2jhaHNpo55guKudM9wZa8A,ZN_0039_805816AB,floor_basement,Basement,utility,WASHING ROOM,0232,2.60556,9.38,fallback_ptac_for_conditioned_zone,False,True,ifc_arch,ifc_derived,high
tz_2jhaHNpo55guKudM9wZa88,room_2jhaHNpo55guKudM9wZa88,2jhaHNpo55guKudM9wZa88,ZN_0040_E6ECC151,floor_basement,Basement,utility,WASHING ROOM,0233,2.31243,8.32475,ifc_supported_ptac,False,True,ifc_arch,ifc_derived,high
tz_2jhaHNpo55guKudM9wZa8E,room_2jhaHNpo55guKudM9wZa8E,2jhaHNpo55guKudM9wZa8E,ZN_0041_BD9F7171,floor_basement,Basement,office,BATHROOM / ACCESSIBLE,0234,6.54646,23.5673,ifc_supported_ptac,False,True,ifc_arch,ifc_derived,high
tz_2jhaHNpo55guKudM9wZa9q,room_2jhaHNpo55guKudM9wZa9q,2jhaHNpo55guKudM9wZa9q,ZN_0042_93E09D7C,floor_basement,Basement,utility,TOILET,0235,1.66501,5.99405,ifc_supported_ptac,False,True,ifc_arch,ifc_derived,high
tz_3H2AkZFqzChQTN2UOTW_6p,room_3H2AkZFqzChQTN2UOTW_6p,3H2AkZFqzChQTN2UOTW$6p,ZN_0043_32E0336D,floor_level_02,Level_02,open_office,OPEN OFFICE,240,125.367,495.2,ifc_supported_ptac,False,True,ifc_arch,ifc_derived,high
tz_2T7gRjEFvBgRaNLZHAfEyt,room_2T7gRjEFvBgRaNLZHAfEyt,2T7gRjEFvBgRaNLZHAfEyt,ZN_0044_62C79DBA,floor_basement,Basement,office,HEATING,0301,27.2355,103.495,ifc_supported_ptac,False,True,ifc_arch,ifc_derived,high
tz_1xBFBS5N18MfdblikYnUB3,room_1xBFBS5N18MfdblikYnUB3,1xBFBS5N18MfdblikYnUB3,ZN_0045_E89C8486,floor_level_03,Level_03,circulation,STAIRCASE,301,25.6145,101.177,fallback_ptac_for_conditioned_zone,False,True,ifc_arch,ifc_derived,high
tz_2T7gRjEFvBgRaNLZHAfEyu,room_2T7gRjEFvBgRaNLZHAfEyu,2T7gRjEFvBgRaNLZHAfEyu,ZN_0046_72F797FC,floor_basement,Basement,office,ELECT,0302,63.7759,242.348,ifc_supported_ptac,False,True,ifc_arch,ifc_derived,high
tz_1xBFBS5N18MfdblikYnUBD,room_1xBFBS5N18MfdblikYnUBD,1xBFBS5N18MfdblikYnUBD,ZN_0047_8D349150,floor_level_03,Level_03,circulation,STAIRCASE,302,25.7717,101.798,ifc_supported_ptac,False,True,ifc_arch,ifc_derived,high
tz_0SCHpckP52uejwTkqQpmjR,room_0SCHpckP52uejwTkqQpmjR,0SCHpckP52uejwTkqQpmjR,ZN_0048_74763835,floor_basement,Basement,office,ELECT,0303,18.4003,69.9213,ifc_supported_ptac,False,True,ifc_arch,ifc_derived,high
tz_0SCHpckP52uejwTkqQpmjD,room_0SCHpckP52uejwTkqQpmjD,0SCHpckP52uejwTkqQpmjD,ZN_0049_2C5722CB,floor_basement,Basement,office,ELECT,0304,19.4567,73.9356,ifc_supported_ptac,False,True,ifc_arch,ifc_derived,high
tz_1VG1As2i9CNAES2YSNmuWI,room_1VG1As2i9CNAES2YSNmuWI,1VG1As2i9CNAES2YSNmuWI,ZN_0050_44FE4565,floor_basement,Basement,office,STORE,0305,35.7346,135.792,ifc_supported_ptac,False,True,ifc_arch,ifc_derived,high
tz_0SCHpckP52uejwTkqQppMc,room_0SCHpckP52uejwTkqQppMc,0SCHpckP52uejwTkqQppMc,ZN_0051_D4714813,floor_basement,Basement,office,STORE,0306,33.8591,128.665,ifc_supported_ptac,False,True,ifc_arch,ifc_derived,high
tz_36Blhdds16DOgkiAVsPwfN,room_36Blhdds16DOgkiAVsPwfN,36Blhdds16DOgkiAVsPwfN,ZN_0052_AA318482,floor_basement,Basement,office,STORE,0307,28.1309,106.897,ifc_supported_ptac,False,True,ifc_arch,ifc_derived,high
tz_3VjWRBBpP8T92ljLOxqe1U,room_3VjWRBBpP8T92ljLOxqe1U,3VjWRBBpP8T92ljLOxqe1U,ZN_0053_ECA294FF,floor_basement,Basement,office,STORE,0308,24.159,91.8042,ifc_supported_ptac,False,True,ifc_arch,ifc_derived,high
tz_0SCHpckP52uejwTkqQppMe,room_0SCHpckP52uejwTkqQppMe,0SCHpckP52uejwTkqQppMe,ZN_0054_0927E1E7,floor_basement,Basement,office,STORE,0309,25.4498,96.7093,ifc_supported_ptac,False,True,ifc_arch,ifc_derived,high
tz_1xBFBS5N18MfdblikYnHqn,room_1xBFBS5N18MfdblikYnHqn,1xBFBS5N18MfdblikYnHqn,ZN_0055_D135CC29,floor_level_03,Level_03,open_office,OPEN OFFICE,310,123.924,489.502,ifc_supported_ptac,False,True,ifc_arch,ifc_derived,high
tz_1ct5EDQ3f00e2ZWyRvpNyV,room_1ct5EDQ3f00e2ZWyRvpNyV,1ct5EDQ3f00e2ZWyRvpNyV,ZN_0056_5A421ED2,floor_basement,Basement,office,STORE,0310,23.2,88.1601,ifc_supported_ptac,False,True,ifc_arch,ifc_derived,high
tz_0_1BZVDc5BxwJSwnsVxduk,room_0_1BZVDc5BxwJSwnsVxduk,0_1BZVDc5BxwJSwnsVxduk,ZN_0057_24AD0651,floor_basement,Basement,office,CLEANING,0311,8.21315,34.4952,ifc_supported_ptac,False,True,ifc_arch,ifc_derived,high
tz_0SCHpckP52uejwTkqQppKQ,room_0SCHpckP52uejwTkqQppKQ,0SCHpckP52uejwTkqQppKQ,ZN_0058_8B5FAAD6,floor_basement,Basement,office,STORE,0312,28.4581,108.141,ifc_supported_ptac,False,True,ifc_arch,ifc_derived,high
tz_1xBFBS5N18MfdblikYnHqd,room_1xBFBS5N18MfdblikYnHqd,1xBFBS5N18MfdblikYnHqd,ZN_0059_FD6487CE,floor_level_03,Level_03,open_office,OPEN OFFICE,320,168.692,666.333,ifc_supported_ptac,False,True,ifc_arch,ifc_derived,high
tz_1xBFBS5N18MfdblikYnUB5,room_1xBFBS5N18MfdblikYnUB5,1xBFBS5N18MfdblikYnUB5,ZN_0060_80EA84EC,floor_level_03,Level_03,open_office,OPEN OFFICE,330,268.677,1061.27,ifc_supported_ptac,False,True,ifc_arch,ifc_derived,high
tz_1xBFBS5N18MfdblikYnV4N,room_1xBFBS5N18MfdblikYnV4N,1xBFBS5N18MfdblikYnV4N,ZN_0061_5B30B6A9,floor_level_03,Level_03,open_office,OPEN OFFICE,340,125.353,495.144,ifc_supported_ptac,False,True,ifc_arch,ifc_derived,high
tz_0Q4MSUQx531vKL_w06AgFJ,room_0Q4MSUQx531vKL_w06AgFJ,0Q4MSUQx531vKL_w06AgFJ,ZN_0062_4AA5C31E,floor_level_04,Level_04,circulation,STAIRCASE,401,25.9718,112.198,fallback_ptac_for_conditioned_zone,False,True,ifc_arch,ifc_derived,high
tz_0Q4MSUQx531vKL_w06AgFD,room_0Q4MSUQx531vKL_w06AgFD,0Q4MSUQx531vKL_w06AgFD,ZN_0063_CA0FA094,floor_level_04,Level_04,circulation,STAIRCASE,402,25.5993,110.589,ifc_supported_ptac,False,True,ifc_arch,ifc_derived,high
tz_0Q4MSUQx531vKL_w06AgEr,room_0Q4MSUQx531vKL_w06AgEr,0Q4MSUQx531vKL_w06AgEr,ZN_0064_BA125166,floor_level_04,Level_04,open_office,OPEN OFFICE,410,116.534,503.428,ifc_supported_ptac,False,True,ifc_arch,ifc_derived,high
tz_0Q4MSUQx531vKL_w06AgEp,room_0Q4MSUQx531vKL_w06AgEp,0Q4MSUQx531vKL_w06AgEp,ZN_0065_D0141B2A,floor_level_04,Level_04,open_office,OPEN OFFICE,420,176.659,683.847,ifc_supported_ptac,False,True,ifc_arch,ifc_derived,high
tz_0Q4MSUQx531vKL_w06AgFH,room_0Q4MSUQx531vKL_w06AgFH,0Q4MSUQx531vKL_w06AgFH,ZN_0066_A3FC4101,floor_level_04,Level_04,open_office,OPEN OFFICE,430,286.223,1107.48,ifc_supported_ptac,False,True,ifc_arch,ifc_derived,high
tz_0Q4MSUQx531vKL_w06Ag5_,room_0Q4MSUQx531vKL_w06Ag5_,0Q4MSUQx531vKL_w06Ag5$,ZN_0067_7921E256,floor_level_04,Level_04,open_office,OPEN OFFICE,440,117.719,508.544,ifc_supported_ptac,False,True,ifc_arch,ifc_derived,high
tz_0SCHpckP52uejwTkqQpmS1,room_0SCHpckP52uejwTkqQpmS1,0SCHpckP52uejwTkqQpmS1,ZN_0068_FE5F2D81,floor_level_05,Level_05,office,VENT,500,37.02,184.134,ifc_supported_ptac,False,True,ifc_arch,ifc_derived,high
tz_3xtnrBUgHBCwRh_xfyB8NH,room_3xtnrBUgHBCwRh_xfyB8NH,3xtnrBUgHBCwRh$xfyB8NH,ZN_0069_8B99F584,floor_level_05,Level_05,circulation,STAIRCASE,501,66.8335,135.131,ifc_supported_ptac,False,True,ifc_arch,ifc_derived,high
tz_3JI0SE8z59FBfLCYYLZpFk,room_3JI0SE8z59FBfLCYYLZpFk,3JI0SE8z59FBfLCYYLZpFk,ZN_0070_0FFC801F,floor_level_05,Level_05,circulation,STAIRCASE,502,68.3686,139.301,ifc_supported_ptac,False,True,ifc_arch,ifc_derived,high
tz_1VG1As2i9CNAES2YSNmu8x,room_1VG1As2i9CNAES2YSNmu8x,1VG1As2i9CNAES2YSNmu8x,ZN_0071_763C5296,floor_level_05,Level_05,office,VENT,510,882.541,1819.62,ifc_supported_ptac,False,True,ifc_arch,ifc_derived,high
tz_0C83sfLu9E9eQLJY7z8Xye,room_0C83sfLu9E9eQLJY7z8Xye,0C83sfLu9E9eQLJY7z8Xye,ZN_0072_BAEBCCCF,floor_level_05,Level_05,office,RECREATION,520,181.221,401.804,ifc_supported_ptac,False,True,ifc_arch,ifc_derived,high
tz_36Blhdds16DOgkiAVsP5oS,room_36Blhdds16DOgkiAVsP5oS,36Blhdds16DOgkiAVsP5oS,ZN_0073_89407D05,floor_level_04,Level_04,meeting_room,MEETING,547,27.1149,97.6135,ifc_supported_ptac,False,True,ifc_arch,ifc_derived,high
tz_36Blhdds16DOgkiAVsP5o5,room_36Blhdds16DOgkiAVsP5o5,36Blhdds16DOgkiAVsP5o5,ZN_0074_4243A346,floor_level_04,Level_04,meeting_room,MEETING,548,20.1486,72.5348,ifc_supported_ptac,False,True,ifc_arch,ifc_derived,high
tz_36Blhdds16DOgkiAVsP68h,room_36Blhdds16DOgkiAVsP68h,36Blhdds16DOgkiAVsP68h,ZN_0075_1CD46F5D,floor_level_03,Level_03,office,OFFICE,549,26.3617,94.902,ifc_supported_ptac,False,True,ifc_arch,ifc_derived,high
tz_36Blhdds16DOgkiAVsP68f,room_36Blhdds16DOgkiAVsP68f,36Blhdds16DOgkiAVsP68f,ZN_0076_3584C968,floor_level_03,Level_03,meeting_room,MEETING,550,19.5889,70.5199,ifc_supported_ptac,False,True,ifc_arch,ifc_derived,high
tz_0tWM7C8ybBZQ4c5DL1_lwj,room_0tWM7C8ybBZQ4c5DL1_lwj,0tWM7C8ybBZQ4c5DL1$lwj,ZN_0077_A5D54006,floor_level_01,Level_01,office,RESTAURANT,1000,243.799,1023.96,ifc_supported_ptac,False,True,ifc_arch,ifc_derived,high
tz_3eHc4RiQ5C9u5ExHSqeXq_,room_3eHc4RiQ5C9u5ExHSqeXq_,3eHc4RiQ5C9u5ExHSqeXq_,ZN_0078_6BE1D243,floor_level_01,Level_01,utility,TOILET,1004,1.43817,6.0403,ifc_supported_ptac,False,True,ifc_arch,ifc_derived,high
tz_0dEbiQb1r6fw7CerSu3TPG,room_0dEbiQb1r6fw7CerSu3TPG,0dEbiQb1r6fw7CerSu3TPG,ZN_0079_C593E473,floor_level_01,Level_01,meeting_room,MEETING,1005,6.38438,25.5375,ifc_supported_ptac,False,True,ifc_arch,ifc_derived,high
tz_0dEbiQb1r6fw7CerSu3TPT,room_0dEbiQb1r6fw7CerSu3TPT,0dEbiQb1r6fw7CerSu3TPT,ZN_0080_60393F61,floor_level_01,Level_01,meeting_room,MEETING,1006,6.13794,24.5518,ifc_supported_ptac,False,True,ifc_arch,ifc_derived,high
tz_0dEbiQb1r6fw7CerSu3TPQ,room_0dEbiQb1r6fw7CerSu3TPQ,0dEbiQb1r6fw7CerSu3TPQ,ZN_0081_5B88B2C4,floor_level_01,Level_01,meeting_room,MEETING,1007,5.78406,23.1362,ifc_supported_ptac,False,True,ifc_arch,ifc_derived,high
tz_0dEbiQb1r6fw7CerSu3TP7,room_0dEbiQb1r6fw7CerSu3TP7,0dEbiQb1r6fw7CerSu3TP7,ZN_0082_7FEB8538,floor_level_01,Level_01,meeting_room,MEETING,1008,5.49892,21.9957,ifc_supported_ptac,False,True,ifc_arch,ifc_derived,high
tz_0dEbiQb1r6fw7CerSu3VCo,room_0dEbiQb1r6fw7CerSu3VCo,0dEbiQb1r6fw7CerSu3VCo,ZN_0083_B71B7883,floor_level_01,Level_01,office,VESTIBULE,1009,11.7674,47.0697,ifc_supported_ptac,False,True,ifc_arch,ifc_derived,high
tz_3I0Kk3lRLDw8v2w0zwpO7q,room_3I0Kk3lRLDw8v2w0zwpO7q,3I0Kk3lRLDw8v2w0zwpO7q,ZN_0084_3E85CF33,floor_level_01,Level_01,meeting_room,MEETING,1010,5.78406,23.1362,ifc_supported_ptac,False,True,ifc_arch,ifc_derived,high
tz_3I0Kk3lRLDw8v2w0zwpO7p,room_3I0Kk3lRLDw8v2w0zwpO7p,3I0Kk3lRLDw8v2w0zwpO7p,ZN_0085_D88B0DE9,floor_level_01,Level_01,meeting_room,MEETING,1011,5.7839,23.1356,ifc_supported_ptac,False,True,ifc_arch,ifc_derived,high
tz_3I0Kk3lRLDw8v2w0zwpO6E,room_3I0Kk3lRLDw8v2w0zwpO6E,3I0Kk3lRLDw8v2w0zwpO6E,ZN_0086_D3B1ABF0,floor_level_01,Level_01,meeting_room,MEETING,1012,5.78406,23.1362,ifc_supported_ptac,False,True,ifc_arch,ifc_derived,high
tz_3I0Kk3lRLDw8v2w0zwpO6D,room_3I0Kk3lRLDw8v2w0zwpO6D,3I0Kk3lRLDw8v2w0zwpO6D,ZN_0087_65D7194A,floor_level_01,Level_01,meeting_room,MEETING,1013,5.86722,23.4689,ifc_supported_ptac,False,True,ifc_arch,ifc_derived,high
tz_0dEbiQb1r6fw7CerSu3VYp,room_0dEbiQb1r6fw7CerSu3VYp,0dEbiQb1r6fw7CerSu3VYp,ZN_0088_158AE9F1,floor_level_01,Level_01,office,VESTIBULE,1014,11.4813,45.9253,ifc_supported_ptac,False,True,ifc_arch,ifc_derived,high
tz_2Hutkn_Qz94QfZXkZOQRZT,room_2Hutkn_Qz94QfZXkZOQRZT,2Hutkn_Qz94QfZXkZOQRZT,ZN_0089_578B3840,floor_level_01,Level_01,office,PUBLIC TOILET,1016,13.6779,57.4473,ifc_supported_ptac,False,True,ifc_arch,ifc_derived,high
tz_2T7gRjEFvBgRaNLZHAfFF9,room_2T7gRjEFvBgRaNLZHAfFF9,2T7gRjEFvBgRaNLZHAfFF9,ZN_0090_5E97317B,floor_level_01,Level_01,office,OFFICE,1101,2.40388,10.0963,ifc_supported_ptac,False,True,ifc_arch,ifc_derived,high
tz_2T7gRjEFvBgRaNLZHAfFFA,room_2T7gRjEFvBgRaNLZHAfFFA,2T7gRjEFvBgRaNLZHAfFFA,ZN_0091_61E6C96D,floor_level_01,Level_01,utility,TOILET,1102,1.71884,7.21913,ifc_supported_ptac,False,True,ifc_arch,ifc_derived,high
tz_2T7gRjEFvBgRaNLZHAfFFF,room_2T7gRjEFvBgRaNLZHAfFFF,2T7gRjEFvBgRaNLZHAfFFF,ZN_0092_3D5D5047,floor_level_01,Level_01,office,STORE,1103,8.1433,34.2019,fallback_ptac_for_conditioned_zone,False,True,ifc_arch,ifc_derived,high
tz_04HSGJmcD3bRsP58HjpIbw,room_04HSGJmcD3bRsP58HjpIbw,04HSGJmcD3bRsP58HjpIbw,ZN_0093_1F54CC27,floor_level_01,Level_01,office,FREEZER,1104,3.62623,15.2302,fallback_ptac_for_conditioned_zone,False,True,ifc_arch,ifc_derived,high
tz_2zj90NfNL65vjsnTedSQQ0,room_2zj90NfNL65vjsnTedSQQ0,2zj90NfNL65vjsnTedSQQ0,ZN_0094_BF995C70,floor_level_01,Level_01,office,FREEZER,1105,4.28672,18.0042,fallback_ptac_for_conditioned_zone,False,True,ifc_arch,ifc_derived,high
tz_2T7gRjEFvBgRaNLZHAfF_0,room_2T7gRjEFvBgRaNLZHAfF_0,2T7gRjEFvBgRaNLZHAfF$0,ZN_0095_050112E3,floor_level_01,Level_01,office,CLEANING,1201,7.32788,30.7771,ifc_supported_ptac,False,True,ifc_arch,ifc_derived,high
tz_2T7gRjEFvBgRaNLZHAfFna,room_2T7gRjEFvBgRaNLZHAfFna,2T7gRjEFvBgRaNLZHAfFna,ZN_0096_431D82AE,floor_level_01,Level_01,utility,TOILET,1203,1.32634,5.57061,ifc_supported_ptac,False,True,ifc_arch,ifc_derived,high
tz_3eHc4RiQ5C9u5ExHSqeWU8,room_3eHc4RiQ5C9u5ExHSqeWU8,3eHc4RiQ5C9u5ExHSqeWU8,ZN_0097_276B1241,floor_level_01,Level_01,office,STORE,1301,14.29,60.018,ifc_supported_ptac,False,True,ifc_arch,ifc_derived,high
tz_2DkesObgH6N86CUi08jTVS,room_2DkesObgH6N86CUi08jTVS,2DkesObgH6N86CUi08jTVS,ZN_0098_15BE5F56,floor_level_01,Level_01,meeting_room,MEETING,1401,6.36571,26.736,ifc_supported_ptac,False,True,ifc_arch,ifc_derived,high
tz_2DkesObgH6N86CUi08jTVP,room_2DkesObgH6N86CUi08jTVP,2DkesObgH6N86CUi08jTVP,ZN_0099_891CF93B,floor_level_01,Level_01,meeting_room,MEETING,1402,6.36571,26.736,ifc_supported_ptac,False,True,ifc_arch,ifc_derived,high
tz_0dEbiQb1r6fw7CerSu3UST,room_0dEbiQb1r6fw7CerSu3UST,0dEbiQb1r6fw7CerSu3UST,ZN_0100_E4049AD5,floor_level_01,Level_01,office,VESTIBULE,1403,2.72028,10.8811,ifc_supported_ptac,False,True,ifc_arch,ifc_derived,high
tz_3eHc4RiQ5C9u5ExHSqeW5C,room_3eHc4RiQ5C9u5ExHSqeW5C,3eHc4RiQ5C9u5ExHSqeW5C,ZN_0101_053E6DE0,floor_level_01,Level_01,office,UTILITY ROOM,1404,11.4911,48.2625,ifc_supported_ptac,False,True,ifc_arch,ifc_derived,high
tz_3eHc4RiQ5C9u5ExHSqeWrs,room_3eHc4RiQ5C9u5ExHSqeWrs,3eHc4RiQ5C9u5ExHSqeWrs,ZN_0102_B62572B0,floor_level_01,Level_01,utility,TOILET,1405,1.82529,7.66621,ifc_supported_ptac,False,True,ifc_arch,ifc_derived,high
tz_3fHyVhsY1FRR0IcklmG_av,room_3fHyVhsY1FRR0IcklmG_av,3fHyVhsY1FRR0IcklmG_av,ZN_0103_C0BB0567,floor_level_01,Level_01,utility,TOILET,1406,1.95566,8.21379,ifc_supported_ptac,False,True,ifc_arch,ifc_derived,high
tz_1JtggxsYb29w1PJMKPQcP0,room_1JtggxsYb29w1PJMKPQcP0,1JtggxsYb29w1PJMKPQcP0,ZN_0104_DA2CA90D,floor_level_02,Level_02,office,OFFICE,2201,8.09715,31.9838,ifc_supported_ptac,False,True,ifc_arch,ifc_derived,high
tz_1JtggxsYb29w1PJMKPQcVO,room_1JtggxsYb29w1PJMKPQcVO,1JtggxsYb29w1PJMKPQcVO,ZN_0105_54FF726E,floor_level_02,Level_02,office,RECREATION,2202,8.65654,34.1933,ifc_supported_ptac,False,True,ifc_arch,ifc_derived,high
tz_1auGEtVRb3NhFYfyi2P6vo,room_1auGEtVRb3NhFYfyi2P6vo,1auGEtVRb3NhFYfyi2P6vo,ZN_0106_C3A8ABA2,floor_level_02,Level_02,meeting_room,MEETING,2203,41.6138,69.7073,ifc_supported_ptac,False,True,ifc_arch,ifc_derived,high
tz_1auGEtVRb3NhFYfyi2P6vw,room_1auGEtVRb3NhFYfyi2P6vw,1auGEtVRb3NhFYfyi2P6vw,ZN_0107_3B69C13B,floor_level_02,Level_02,meeting_room,MEETING,2204,41.0876,68.5793,ifc_supported_ptac,False,True,ifc_arch,ifc_derived,high
tz_3xtnrBUgHBCwRh_xfyB0P8,room_3xtnrBUgHBCwRh_xfyB0P8,3xtnrBUgHBCwRh$xfyB0P8,ZN_0108_2ECEB8B8,floor_level_02,Level_02,utility,TOILET,2205,7.02561,27.7512,ifc_supported_ptac,False,True,ifc_arch,ifc_derived,high
tz_3xtnrBUgHBCwRh_xfyB0P5,room_3xtnrBUgHBCwRh_xfyB0P5,3xtnrBUgHBCwRh$xfyB0P5,ZN_0109_8CF1A8A4,floor_level_02,Level_02,office,TOILET / ACCESSIBLE,2206,4.69797,18.557,ifc_supported_ptac,False,True,ifc_arch,ifc_derived,high
tz_0_1BZVDc5BxwJSwnsVxdyn,room_0_1BZVDc5BxwJSwnsVxdyn,0_1BZVDc5BxwJSwnsVxdyn,ZN_0110_A2A33FEC,floor_level_02,Level_02,office,CLEANING,2207,3.54479,12.7612,fallback_ptac_for_conditioned_zone,False,True,ifc_arch,ifc_derived,high
tz_36Blhdds16DOgkiAVsPxcV,room_36Blhdds16DOgkiAVsPxcV,36Blhdds16DOgkiAVsPxcV,ZN_0111_E1FD624E,floor_level_02,Level_02,office,SHAFT,2208,9.60568,37.9424,fallback_ptac_for_conditioned_zone,False,True,ifc_arch,ifc_derived,high
tz_2xP8Oy_oH5JP_1bqohjpab,room_2xP8Oy_oH5JP_1bqohjpab,2xP8Oy$oH5JP_1bqohjpab,ZN_0112_5075EF12,floor_level_02,Level_02,meeting_room,MEETING,2209,46.1838,75.2888,ifc_supported_ptac,False,True,ifc_arch,ifc_derived,high
tz_05MwHiS6LD_BIlHfVKbp73,room_05MwHiS6LD_BIlHfVKbp73,05MwHiS6LD$BIlHfVKbp73,ZN_0113_2745A60C,floor_level_02,Level_02,office,STORE,2210,10.9569,43.2799,ifc_supported_ptac,False,True,ifc_arch,ifc_derived,high
tz_2Ps55StZr5yRhh62nE9q9d,room_2Ps55StZr5yRhh62nE9q9d,2Ps55StZr5yRhh62nE9q9d,ZN_0114_DA9CAD05,floor_level_02,Level_02,office,OFFICE,2300a,6.00222,23.7088,ifc_supported_ptac,False,True,ifc_arch,ifc_derived,high
tz_2Ps55StZr5yRhh62nE9q9Y,room_2Ps55StZr5yRhh62nE9q9Y,2Ps55StZr5yRhh62nE9q9Y,ZN_0115_1A06BB29,floor_level_02,Level_02,office,OFFICE,2300b,5.527,21.8317,ifc_supported_ptac,False,True,ifc_arch,ifc_derived,high
tz_2Ps55StZr5yRhh62nE9q9X,room_2Ps55StZr5yRhh62nE9q9X,2Ps55StZr5yRhh62nE9q9X,ZN_0116_67DAA7C4,floor_level_02,Level_02,office,OFFICE,2300c,5.73596,22.657,ifc_supported_ptac,False,True,ifc_arch,ifc_derived,high
tz_2xP8Oy_oH5JP_1bqohjpax,room_2xP8Oy_oH5JP_1bqohjpax,2xP8Oy$oH5JP_1bqohjpax,ZN_0117_FF8AE766,floor_level_02,Level_02,meeting_room,MEETING,2301,41.7205,69.9695,ifc_supported_ptac,False,True,ifc_arch,ifc_derived,high
tz_1JtggxsYb29w1PJMKPQdmN,room_1JtggxsYb29w1PJMKPQdmN,1JtggxsYb29w1PJMKPQdmN,ZN_0118_23E23B3E,floor_level_02,Level_02,office,STORE,2302,8.22816,32.5012,fallback_ptac_for_conditioned_zone,False,True,ifc_arch,ifc_derived,high
tz_3xtnrBUgHBCwRh_xfyB0Sg,room_3xtnrBUgHBCwRh_xfyB0Sg,3xtnrBUgHBCwRh$xfyB0Sg,ZN_0119_F966DF6A,floor_level_02,Level_02,office,OFFICE,2303,8.76704,34.6298,ifc_supported_ptac,False,True,ifc_arch,ifc_derived,high
tz_2xP8Oy_oH5JP_1bqohjpac,room_2xP8Oy_oH5JP_1bqohjpac,2xP8Oy$oH5JP_1bqohjpac,ZN_0120_59860113,floor_level_02,Level_02,meeting_room,MEETING,2304,48.2115,82.3549,ifc_supported_ptac,False,True,ifc_arch,ifc_derived,high
tz_3mv9CJhk92VvyjKaBF2owy,room_3mv9CJhk92VvyjKaBF2owy,3mv9CJhk92VvyjKaBF2owy,ZN_0121_C280815B,floor_level_02,Level_02,office,CLEANING,2305,6.02923,21.7052,ifc_supported_ptac,False,True,ifc_arch,ifc_derived,high
tz_3xtnrBUgHBCwRh_xfyB0PT,room_3xtnrBUgHBCwRh_xfyB0PT,3xtnrBUgHBCwRh$xfyB0PT,ZN_0122_95A403C9,floor_level_02,Level_02,office,RECREATION,2306,8.76432,34.6191,ifc_supported_ptac,False,True,ifc_arch,ifc_derived,high
tz_3xtnrBUgHBCwRh_xfyB1Vw,room_3xtnrBUgHBCwRh_xfyB1Vw,3xtnrBUgHBCwRh$xfyB1Vw,ZN_0123_26A2CCAB,floor_level_02,Level_02,utility,TOILET,2307,7.02727,27.7577,ifc_supported_ptac,False,True,ifc_arch,ifc_derived,high
tz_3xtnrBUgHBCwRh_xfyB1Vr,room_3xtnrBUgHBCwRh_xfyB1Vr,3xtnrBUgHBCwRh$xfyB1Vr,ZN_0124_A8FB1DF4,floor_level_02,Level_02,office,TOILET / ACCESSIBLE,2308,4.69842,18.5588,ifc_supported_ptac,False,True,ifc_arch,ifc_derived,high
tz_36Blhdds16DOgkiAVsP4Vi,room_36Blhdds16DOgkiAVsP4Vi,36Blhdds16DOgkiAVsP4Vi,ZN_0125_6FCFDAB5,floor_level_02,Level_02,office,SHAFT,2310,9.72506,38.414,fallback_ptac_for_conditioned_zone,False,True,ifc_arch,ifc_derived,high
tz_2xP8Oy_oH5JP_1bqohjpaK,room_2xP8Oy_oH5JP_1bqohjpaK,2xP8Oy$oH5JP_1bqohjpaK,ZN_0126_525020AB,floor_level_02,Level_02,meeting_room,MEETING,2401,26.4532,46.4121,fallback_ptac_for_conditioned_zone,False,True,ifc_arch,ifc_derived,high
tz_3WcAivD6L3qPu4fxZ5CkSo,room_3WcAivD6L3qPu4fxZ5CkSo,3WcAivD6L3qPu4fxZ5CkSo,ZN_0127_4ABBF6DC,floor_level_02,Level_02,office,RECREATION,2402,8.37639,33.5056,ifc_supported_ptac,False,True,ifc_arch,ifc_derived,high
tz_3xtnrBUgHBCwRh_xfyB_pa,room_3xtnrBUgHBCwRh_xfyB_pa,3xtnrBUgHBCwRh$xfyB_pa,ZN_0128_343C80E1,floor_level_02,Level_02,office,CLEANING,2403,2.87401,11.3524,ifc_supported_ptac,False,True,ifc_arch,ifc_derived,high
tz_3xtnrBUgHBCwRh_xfyB_pX,room_3xtnrBUgHBCwRh_xfyB_pX,3xtnrBUgHBCwRh$xfyB_pX,ZN_0129_FCDEA63D,floor_level_02,Level_02,office,STORE,2404,3.46456,13.685,ifc_supported_ptac,False,True,ifc_arch,ifc_derived,high
tz_3b3bVmE5P4tBwtV6k__NIS,room_3b3bVmE5P4tBwtV6k__NIS,3b3bVmE5P4tBwtV6k__NIS,ZN_0130_450B3D0F,floor_level_02,Level_02,office,TOILET / ACCESSIBLE,2405,4.89114,19.32,ifc_supported_ptac,False,True,ifc_arch,ifc_derived,high
tz_3WcAivD6L3qPu4fxZ5Ck9N,room_3WcAivD6L3qPu4fxZ5Ck9N,3WcAivD6L3qPu4fxZ5Ck9N,ZN_0131_F4D99DD2,floor_level_03,Level_03,office,RECREATION,3101,8.37589,33.5036,ifc_supported_ptac,False,True,ifc_arch,ifc_derived,high
tz_0Q4MSUQx531vKL_w06Agzb,room_0Q4MSUQx531vKL_w06Agzb,0Q4MSUQx531vKL_w06Agzb,ZN_0132_76635643,floor_level_03,Level_03,office,STORE,3102,3.46456,13.685,ifc_supported_ptac,False,True,ifc_arch,ifc_derived,high
tz_0Q4MSUQx531vKL_w06Agzh,room_0Q4MSUQx531vKL_w06Agzh,0Q4MSUQx531vKL_w06Agzh,ZN_0133_599566F8,floor_level_03,Level_03,office,CLEANING,3103,2.87308,11.3487,ifc_supported_ptac,False,True,ifc_arch,ifc_derived,high
tz_2xP8Oy_oH5JP_1bqohjoaW,room_2xP8Oy_oH5JP_1bqohjoaW,2xP8Oy$oH5JP_1bqohjoaW,ZN_0134_6E2F8750,floor_level_03,Level_03,meeting_room,MEETING,3105,12.8529,46.2704,ifc_supported_ptac,False,True,ifc_arch,ifc_derived,high
tz_1xBFBS5N18MfdblikYnHqf,room_1xBFBS5N18MfdblikYnHqf,1xBFBS5N18MfdblikYnHqf,ZN_0135_84FB2F40,floor_level_03,Level_03,utility,TOILET,3201,7.02661,27.7551,ifc_supported_ptac,False,True,ifc_arch,ifc_derived,high
tz_1xBFBS5N18MfdblikYnHqh,room_1xBFBS5N18MfdblikYnHqh,1xBFBS5N18MfdblikYnHqh,ZN_0136_4DD20BCC,floor_level_03,Level_03,office,TOILET / ACCESSIBLE,3202,4.69797,18.557,ifc_supported_ptac,False,True,ifc_arch,ifc_derived,high
tz_2xP8Oy_oH5JP_1bqohjo_k,room_2xP8Oy_oH5JP_1bqohjo_k,2xP8Oy$oH5JP_1bqohjo_k,ZN_0137_CBA0C1C3,floor_level_03,Level_03,office,RECREATION,3203,11.9726,43.1014,ifc_supported_ptac,False,True,ifc_arch,ifc_derived,high
tz_2xP8Oy_oH5JP_1bqohjoaJ,room_2xP8Oy_oH5JP_1bqohjoaJ,2xP8Oy$oH5JP_1bqohjoaJ,ZN_0138_82603914,floor_level_03,Level_03,meeting_room,MEETING,3204,20.914,75.2905,ifc_supported_ptac,False,True,ifc_arch,ifc_derived,high
tz_1xBFBS5N18MfdblikYnHqv,room_1xBFBS5N18MfdblikYnHqv,1xBFBS5N18MfdblikYnHqv,ZN_0139_7C8B9402,floor_level_03,Level_03,office,STORE,3205,10.9026,43.0653,ifc_supported_ptac,False,True,ifc_arch,ifc_derived,high
tz_1xBFBS5N18MfdblikYnHqx,room_1xBFBS5N18MfdblikYnHqx,1xBFBS5N18MfdblikYnHqx,ZN_0140_134D859A,floor_level_03,Level_03,office,CLEANING,3206,4.52297,17.8657,ifc_supported_ptac,False,True,ifc_arch,ifc_derived,high
tz_3NFa8Y9Jf5RwZBvcfUAVIT,room_3NFa8Y9Jf5RwZBvcfUAVIT,3NFa8Y9Jf5RwZBvcfUAVIT,ZN_0141_30A369C1,floor_level_03,Level_03,office,OFFICE,3301,6.02842,23.8123,ifc_supported_ptac,False,True,ifc_arch,ifc_derived,high
tz_3NFa8Y9Jf5RwZBvcfUAVIO,room_3NFa8Y9Jf5RwZBvcfUAVIO,3NFa8Y9Jf5RwZBvcfUAVIO,ZN_0142_AF77278A,floor_level_03,Level_03,office,OFFICE,3302,5.527,21.8317,ifc_supported_ptac,False,True,ifc_arch,ifc_derived,high
tz_3NFa8Y9Jf5RwZBvcfUAVIR,room_3NFa8Y9Jf5RwZBvcfUAVIR,3NFa8Y9Jf5RwZBvcfUAVIR,ZN_0143_7FF6431F,floor_level_03,Level_03,office,OFFICE,3303,5.73596,22.657,ifc_supported_ptac,False,True,ifc_arch,ifc_derived,high
tz_0FmGuf5a54T9pmsaibMAqb,room_0FmGuf5a54T9pmsaibMAqb,0FmGuf5a54T9pmsaibMAqb,ZN_0144_391CD845,floor_level_03,Level_03,meeting_room,MEETING,3304,17.492,69.968,ifc_supported_ptac,False,True,ifc_arch,ifc_derived,high
tz_1xBFBS5N18MfdblikYnHqt,room_1xBFBS5N18MfdblikYnHqt,1xBFBS5N18MfdblikYnHqt,ZN_0145_304F77CB,floor_level_03,Level_03,office,STORE,3305,8.25725,32.6161,fallback_ptac_for_conditioned_zone,False,True,ifc_arch,ifc_derived,high
tz_1xBFBS5N18MfdblikYnHqX,room_1xBFBS5N18MfdblikYnHqX,1xBFBS5N18MfdblikYnHqX,ZN_0146_C2FDDE64,floor_level_03,Level_03,office,OFFICE,3306,8.76704,34.6298,ifc_supported_ptac,False,True,ifc_arch,ifc_derived,high
tz_2xP8Oy_oH5JP_1bqohjoaU,room_2xP8Oy_oH5JP_1bqohjoaU,2xP8Oy$oH5JP_1bqohjoaU,ZN_0147_185301BE,floor_level_03,Level_03,meeting_room,MEETING,3307,22.877,82.357,ifc_supported_ptac,False,True,ifc_arch,ifc_derived,high
tz_1xBFBS5N18MfdblikYnHqZ,room_1xBFBS5N18MfdblikYnHqZ,1xBFBS5N18MfdblikYnHqZ,ZN_0148_B158AE5D,floor_level_03,Level_03,office,RECREATION,3308,8.76432,34.6191,ifc_supported_ptac,False,True,ifc_arch,ifc_derived,high
tz_3mv9CJhk92VvyjKaBF2o_T,room_3mv9CJhk92VvyjKaBF2o_T,3mv9CJhk92VvyjKaBF2o$T,ZN_0149_68EDAAA8,floor_level_03,Level_03,office,CLEANING,3309,6.04974,21.7791,ifc_supported_ptac,False,True,ifc_arch,ifc_derived,high
tz_3WcAivD6L3qPu4fxZ5Clqa,room_3WcAivD6L3qPu4fxZ5Clqa,3WcAivD6L3qPu4fxZ5Clqa,ZN_0150_A1B9DFF3,floor_level_03,Level_03,office,RECREATION,3401,8.37639,33.5056,ifc_supported_ptac,False,True,ifc_arch,ifc_derived,high
tz_0Q4MSUQx531vKL_w06Agwi,room_0Q4MSUQx531vKL_w06Agwi,0Q4MSUQx531vKL_w06Agwi,ZN_0151_1365ED5C,floor_level_03,Level_03,office,CLEANING,3403,2.87401,11.3524,ifc_supported_ptac,False,True,ifc_arch,ifc_derived,high
tz_2xP8Oy_oH5JP_1bqohjoa7,room_2xP8Oy_oH5JP_1bqohjoa7,2xP8Oy$oH5JP_1bqohjoa7,ZN_0152_0453DB2B,floor_level_03,Level_03,meeting_room,MEETING,3407,12.8926,46.4132,fallback_ptac_for_conditioned_zone,False,True,ifc_arch,ifc_derived,high
tz_3WcAivD6L3qPu4fxZ5CWCZ,room_3WcAivD6L3qPu4fxZ5CWCZ,3WcAivD6L3qPu4fxZ5CWCZ,ZN_0153_B9D61F34,floor_level_04,Level_04,office,RECREATION,4101,8.70449,34.8179,ifc_supported_ptac,False,True,ifc_arch,ifc_derived,high
tz_0Q4MSUQx531vKL_w06Ag5j,room_0Q4MSUQx531vKL_w06Ag5j,0Q4MSUQx531vKL_w06Ag5j,ZN_0154_04DA8D93,floor_level_04,Level_04,office,CLEANING,4103,2.64793,11.439,ifc_supported_ptac,False,True,ifc_arch,ifc_derived,high
tz_2xP8Oy_oH5JP_1bqohjoDx,room_2xP8Oy_oH5JP_1bqohjoDx,2xP8Oy$oH5JP_1bqohjoDx,ZN_0155_9D91A08E,floor_level_04,Level_04,meeting_room,MEETING,4105,13.3289,47.9841,ifc_supported_ptac,False,True,ifc_arch,ifc_derived,high
tz_0Q4MSUQx531vKL_w06AgEb,room_0Q4MSUQx531vKL_w06AgEb,0Q4MSUQx531vKL_w06AgEb,ZN_0156_4CAB573A,floor_level_04,Level_04,utility,TOILET,4201,7.10331,30.6863,ifc_supported_ptac,False,True,ifc_arch,ifc_derived,high
tz_0Q4MSUQx531vKL_w06AgEd,room_0Q4MSUQx531vKL_w06AgEd,0Q4MSUQx531vKL_w06AgEd,ZN_0157_D9287011,floor_level_04,Level_04,office,TOILET / ACCESSIBLE,4202,4.74926,20.5168,ifc_supported_ptac,False,True,ifc_arch,ifc_derived,high
tz_1xUTe5Sh9DreNEkJ9QibKz,room_1xUTe5Sh9DreNEkJ9QibKz,1xUTe5Sh9DreNEkJ9QibKz,ZN_0158_27FD3C13,floor_level_04,Level_04,office,RECREATION,4203,11.9467,47.787,ifc_supported_ptac,False,True,ifc_arch,ifc_derived,high
tz_2xP8Oy_oH5JP_1bqohjoDt,room_2xP8Oy_oH5JP_1bqohjoDt,2xP8Oy$oH5JP_1bqohjoDt,ZN_0159_9D803010,floor_level_04,Level_04,meeting_room,MEETING,4204,20.7355,89.5774,ifc_supported_ptac,False,True,ifc_arch,ifc_derived,high
tz_0Q4MSUQx531vKL_w06AgEt,room_0Q4MSUQx531vKL_w06AgEt,0Q4MSUQx531vKL_w06AgEt,ZN_0160_4B3AB0EC,floor_level_04,Level_04,office,STORE,4205,11.0585,47.7728,ifc_supported_ptac,False,True,ifc_arch,ifc_derived,high
tz_2Ps55StZr5yRhh62nE9q0q,room_2Ps55StZr5yRhh62nE9q0q,2Ps55StZr5yRhh62nE9q0q,ZN_0161_3F37EE41,floor_level_04,Level_04,office,OFFICE,4301,6.06832,26.2151,ifc_supported_ptac,False,True,ifc_arch,ifc_derived,high
tz_2Ps55StZr5yRhh62nE9q0p,room_2Ps55StZr5yRhh62nE9q0p,2Ps55StZr5yRhh62nE9q0p,ZN_0162_439E8090,floor_level_04,Level_04,office,OFFICE,4302,5.58786,24.1396,ifc_supported_ptac,False,True,ifc_arch,ifc_derived,high
tz_2Ps55StZr5yRhh62nE9q0_,room_2Ps55StZr5yRhh62nE9q0_,2Ps55StZr5yRhh62nE9q0_,ZN_0163_339C02C2,floor_level_04,Level_04,office,OFFICE,4303,5.79913,25.0522,ifc_supported_ptac,False,True,ifc_arch,ifc_derived,high
tz_2xP8Oy_oH5JP_1bqohjppq,room_2xP8Oy_oH5JP_1bqohjppq,2xP8Oy$oH5JP_1bqohjppq,ZN_0164_69AD16CD,floor_level_04,Level_04,meeting_room,MEETING,4304,19.9909,71.9671,ifc_supported_ptac,False,True,ifc_arch,ifc_derived,high
tz_0Q4MSUQx531vKL_w06AgEx,room_0Q4MSUQx531vKL_w06AgEx,0Q4MSUQx531vKL_w06AgEx,ZN_0165_8DFCB2B8,floor_level_04,Level_04,office,STORE,4305,8.31877,35.9371,fallback_ptac_for_conditioned_zone,False,True,ifc_arch,ifc_derived,high
tz_0Q4MSUQx531vKL_w06AgEj,room_0Q4MSUQx531vKL_w06AgEj,0Q4MSUQx531vKL_w06AgEj,ZN_0166_C2C36B41,floor_level_04,Level_04,office,OFFICE,4306,8.86358,38.2907,ifc_supported_ptac,False,True,ifc_arch,ifc_derived,high
tz_2xP8Oy_oH5JP_1bqohjoDo,room_2xP8Oy_oH5JP_1bqohjoDo,2xP8Oy$oH5JP_1bqohjoDo,ZN_0167_520E2762,floor_level_04,Level_04,meeting_room,MEETING,4307,21.0524,90.9466,ifc_supported_ptac,False,True,ifc_arch,ifc_derived,high
tz_0Q4MSUQx531vKL_w06AgEl,room_0Q4MSUQx531vKL_w06AgEl,0Q4MSUQx531vKL_w06AgEl,ZN_0168_588DFD95,floor_level_04,Level_04,office,RECREATION,4308,8.83778,38.1792,ifc_supported_ptac,False,True,ifc_arch,ifc_derived,high
tz_3nyidG4wTF_9_mvrir11rr,room_3nyidG4wTF_9_mvrir11rr,3nyidG4wTF_9$mvrir11rr,ZN_0169_66E20AA4,floor_level_04,Level_04,office,CLEANING,4309,6.19161,22.2898,ifc_supported_ptac,False,True,ifc_arch,ifc_derived,high
tz_3WcAivD6L3qPu4fxZ5CWCa,room_3WcAivD6L3qPu4fxZ5CWCa,3WcAivD6L3qPu4fxZ5CWCa,ZN_0170_C9DB072C,floor_level_04,Level_04,office,RECREATION,4401,8.61819,34.4728,ifc_supported_ptac,False,True,ifc_arch,ifc_derived,high
tz_0Q4MSUQx531vKL_w06Ag5n,room_0Q4MSUQx531vKL_w06Ag5n,0Q4MSUQx531vKL_w06Ag5n,ZN_0171_E8494D29,floor_level_04,Level_04,office,CLEANING,4403,2.57489,11.1235,ifc_supported_ptac,False,True,ifc_arch,ifc_derived,high
tz_2xP8Oy_oH5JP_1bqohjoDl,room_2xP8Oy_oH5JP_1bqohjoDl,2xP8Oy$oH5JP_1bqohjoDl,ZN_0172_9C59F56C,floor_level_04,Level_04,meeting_room,MEETING,4407,13.2609,47.7393,fallback_ptac_for_conditioned_zone,False,True,ifc_arch,ifc_derived,high
tz_3JI0SE8z59FBfLCYYLZpFT,room_3JI0SE8z59FBfLCYYLZpFT,3JI0SE8z59FBfLCYYLZpFT,ZN_0173_82892018,floor_level_05,Level_05,amenity,LOCKER ROOM,5202,16.1046,48.2912,ifc_supported_ptac,False,True,ifc_arch,ifc_derived,high
tz_0UP3u1jcLAoucZnULlRg3r,room_0UP3u1jcLAoucZnULlRg3r,0UP3u1jcLAoucZnULlRg3r,ZN_0174_98A2A24A,floor_level_05,Level_05,utility,TOILET,5203,1.82,4.43789,fallback_ptac_for_conditioned_zone,False,True,ifc_arch,ifc_derived,high
tz_3JI0SE8z59FBfLCYYLZpFO,room_3JI0SE8z59FBfLCYYLZpFO,3JI0SE8z59FBfLCYYLZpFO,ZN_0175_8956BA41,floor_level_05,Level_05,utility,WASHING ROOM,5204,8.88982,26.6748,ifc_supported_ptac,False,True,ifc_arch,ifc_derived,high
tz_3JI0SE8z59FBfLCYYLZlAY,room_3JI0SE8z59FBfLCYYLZlAY,3JI0SE8z59FBfLCYYLZlAY,ZN_0176_9314483B,floor_level_05,Level_05,office,SAUNA,5205,5.98082,35.7055,ifc_supported_ptac,False,True,ifc_arch,ifc_derived,high
tz_0kzCK4OGP3yfwYsaxA5V1l,room_0kzCK4OGP3yfwYsaxA5V1l,0kzCK4OGP3yfwYsaxA5V1l,ZN_0177_1BDC5C36,floor_level_05,Level_05,office,ELECT,5301,24.216,120.719,ifc_supported_ptac,False,True,ifc_arch,ifc_derived,high
tz_0_1BZVDc5BxwJSwnsVxdzZ,room_0_1BZVDc5BxwJSwnsVxdzZ,0_1BZVDc5BxwJSwnsVxdzZ,ZN_0178_748DEABB,floor_level_05,Level_05,hallway,CORRIDOR,5305,31.8626,60.4816,ifc_supported_ptac,False,True,ifc_arch,ifc_derived,high
tz_0bQS_OnubCwgB6t56S_A_i,room_0bQS_OnubCwgB6t56S_A_i,0bQS_OnubCwgB6t56S$A_i,ZN_0179_6F336E54,floor_level_05,Level_05,office,TOILET / ACCESSIBLE,5308,5.72983,20.6274,ifc_supported_ptac,False,True,ifc_arch,ifc_derived,high
tz_2iOIITjL90wPZVGpFrW3kR,room_2iOIITjL90wPZVGpFrW3kR,2iOIITjL90wPZVGpFrW3kR,ZN_0180_7018E479,floor_level_03,Level_03,office,STORE,5314,3.46456,13.685,ifc_supported_ptac,False,True,ifc_arch,ifc_derived,high
tz_2iOIITjL90wPZVGpFrW07z,room_2iOIITjL90wPZVGpFrW07z,2iOIITjL90wPZVGpFrW07z,ZN_0181_709F4962,floor_level_03,Level_03,office,SHAFT,5315,9.60674,37.9466,fallback_ptac_for_conditioned_zone,False,True,ifc_arch,ifc_derived,high
tz_2iOIITjL90wPZVGpFrW07_,room_2iOIITjL90wPZVGpFrW07_,2iOIITjL90wPZVGpFrW07_,ZN_0182_583138AB,floor_level_03,Level_03,office,SHAFT,5316,9.72506,38.414,fallback_ptac_for_conditioned_zone,False,True,ifc_arch,ifc_derived,high
tz_2iOIITjL90wPZVGpFrW07v,room_2iOIITjL90wPZVGpFrW07v,2iOIITjL90wPZVGpFrW07v,ZN_0183_BF0B66C8,floor_level_04,Level_04,office,SHAFT,5317,9.63442,36.6108,fallback_ptac_for_conditioned_zone,False,True,ifc_arch,ifc_derived,high
tz_2iOIITjL90wPZVGpFrW07w,room_2iOIITjL90wPZVGpFrW07w,2iOIITjL90wPZVGpFrW07w,ZN_0184_3642C250,floor_level_04,Level_04,office,SHAFT,5318,9.7812,37.1686,fallback_ptac_for_conditioned_zone,False,True,ifc_arch,ifc_derived,high
tz_1F880bSDL9nPujvxIbzg5H,room_1F880bSDL9nPujvxIbzg5H,1F880bSDL9nPujvxIbzg5H,ZN_0185_0BD5E290,floor_level_04,Level_04,office,STORE,5319,3.52929,13.4113,ifc_supported_ptac,False,True,ifc_arch,ifc_derived,high
tz_1F880bSDL9nPujvxIbzg5N,room_1F880bSDL9nPujvxIbzg5N,1F880bSDL9nPujvxIbzg5N,ZN_0186_579ADA50,floor_level_04,Level_04,office,STORE,5320,3.52929,13.4113,ifc_supported_ptac,False,True,ifc_arch,ifc_derived,high
tz_1F880bSDL9nPujvxIbzg0k,room_1F880bSDL9nPujvxIbzg0k,1F880bSDL9nPujvxIbzg0k,ZN_0187_E6499E54,floor_level_04,Level_04,office,CLEANING,5321,5.09862,18.355,ifc_supported_ptac,False,True,ifc_arch,ifc_derived,high
tz_1xBFBS5N18MfdblikYnUBT,room_1xBFBS5N18MfdblikYnUBT,1xBFBS5N18MfdblikYnUBT,ZN_0188_7B576908,floor_level_03,Level_03,utility,TOILET,33010,7.02727,27.7577,ifc_supported_ptac,False,True,ifc_arch,ifc_derived,high
tz_1xBFBS5N18MfdblikYnUBS,room_1xBFBS5N18MfdblikYnUBS,1xBFBS5N18MfdblikYnUBS,ZN_0189_2BAA7D18,floor_level_03,Level_03,office,TOILET / ACCESSIBLE,33011,4.69842,18.5588,ifc_supported_ptac,False,True,ifc_arch,ifc_derived,high
tz_0Q4MSUQx531vKL_w06AgFP,room_0Q4MSUQx531vKL_w06AgFP,0Q4MSUQx531vKL_w06AgFP,ZN_0190_F13DB0DC,floor_level_04,Level_04,utility,TOILET,43010,7.10465,30.6921,ifc_supported_ptac,False,True,ifc_arch,ifc_derived,high
tz_0Q4MSUQx531vKL_w06AgFQ,room_0Q4MSUQx531vKL_w06AgFQ,0Q4MSUQx531vKL_w06AgFQ,ZN_0191_C6A405EC,floor_level_04,Level_04,office,TOILET / ACCESSIBLE,43011,4.75016,20.5207,ifc_supported_ptac,False,True,ifc_arch,ifc_derived,high
tz_3M4BY9f2fEkQXYemrsO6tz,room_3M4BY9f2fEkQXYemrsO6tz,3M4BY9f2fEkQXYemrsO6tz,ZN_0192_25EA58B8,floor_level_01,Level_01,office,CHASE,CHASE:3127529,13.0483,3.56088,ifc_supported_ptac,False,True,ifc_arch,ifc_derived,high
tz_3M4BY9f2fEkQXYemrsO6mK,room_3M4BY9f2fEkQXYemrsO6mK,3M4BY9f2fEkQXYemrsO6mK,ZN_0193_19CC016D,floor_level_01,Level_01,office,CHASE,CHASE:3127552,6.3854,2.45838,fallback_ptac_for_conditioned_zone,False,True,ifc_arch,ifc_derived,high
tz_3M4BY9f2fEkQXYemrsO6_Q,room_3M4BY9f2fEkQXYemrsO6_Q,3M4BY9f2fEkQXYemrsO6_Q,ZN_0194_0F0D150B,floor_level_02,Level_02,office,CHASE,CHASE:3127950,6.565,2.57085,fallback_ptac_for_conditioned_zone,False,True,ifc_arch,ifc_derived,high
tz_3M4BY9f2fEkQXYemrsO6_r,room_3M4BY9f2fEkQXYemrsO6_r,3M4BY9f2fEkQXYemrsO6_r,ZN_0195_3DDD217D,floor_level_02,Level_02,office,CHASE,CHASE:3127969,6.5641,2.56722,fallback_ptac_for_conditioned_zone,False,True,ifc_arch,ifc_derived,high
tz_3M4BY9f2fEkQXYemrsO6jr,room_3M4BY9f2fEkQXYemrsO6jr,3M4BY9f2fEkQXYemrsO6jr,ZN_0196_B7B315D0,floor_level_03,Level_03,office,CHASE,CHASE:3128929,6.8021,3.35071,fallback_ptac_for_conditioned_zone,False,True,ifc_arch,ifc_derived,high
tz_3M4BY9f2fEkQXYemrsO6k5,room_3M4BY9f2fEkQXYemrsO6k5,3M4BY9f2fEkQXYemrsO6k5,ZN_0197_84CB8A04,floor_level_03,Level_03,office,CHASE,CHASE:3128977,6.565,2.57085,fallback_ptac_for_conditioned_zone,False,True,ifc_arch,ifc_derived,high
tz_3M4BY9f2fEkQXYemrsO6gK,room_3M4BY9f2fEkQXYemrsO6gK,3M4BY9f2fEkQXYemrsO6gK,ZN_0198_AB8A94F0,floor_level_05,Level_05,office,CHASE,CHASE:3129216,6.3009,3.35523,fallback_ptac_for_conditioned_zone,False,True,ifc_arch,ifc_derived,high
tz_3M4BY9f2fEkQXYemrsO6gr,room_3M4BY9f2fEkQXYemrsO6gr,3M4BY9f2fEkQXYemrsO6gr,ZN_0199_F4252FE2,floor_level_05,Level_05,office,CHASE,CHASE:3129249,6.7845,4.30612,fallback_ptac_for_conditioned_zone,False,True,ifc_arch,ifc_derived,high
tz_3M4BY9f2fEkQXYemrsO16f,room_3M4BY9f2fEkQXYemrsO16f,3M4BY9f2fEkQXYemrsO16f,ZN_0200_B87919D7,floor_level_04,Level_04,office,CHASE,CHASE:3130557,6.565,2.49733,fallback_ptac_for_conditioned_zone,False,True,ifc_arch,ifc_derived,high
tz_3M4BY9f2fEkQXYemrsO178,room_3M4BY9f2fEkQXYemrsO178,3M4BY9f2fEkQXYemrsO178,ZN_0201_B36F9DC3,floor_level_04,Level_04,office,CHASE,CHASE:3130588,6.5641,2.49436,fallback_ptac_for_conditioned_zone,False,True,ifc_arch,ifc_derived,high
tz_0x2YWQZaL7RuBo3f9SkzJQ,room_0x2YWQZaL7RuBo3f9SkzJQ,0x2YWQZaL7RuBo3f9SkzJQ,ZN_0202_2310BD25,floor_basement,Basement,office,CHASE,CHASE:3301055,6.5642,2.4688,fallback_ptac_for_conditioned_zone,False,True,ifc_arch,ifc_derived,high
tz_0_1BZVDc5BxwJSwnsVxduU,room_0_1BZVDc5BxwJSwnsVxduU,0_1BZVDc5BxwJSwnsVxduU,ZN_0203_27084089,floor_basement,Basement,office,ELECT,ELECT:3061944,2.43678,9.25978,ifc_supported_ptac,False,True,ifc_arch,ifc_derived,high
tz_1F880bSDL9nPujvxIbzg0N,room_1F880bSDL9nPujvxIbzg0N,1F880bSDL9nPujvxIbzg0N,ZN_0204_C7F78A1B,floor_level_01,Level_01,office,ELECT,ELECT:3125549,2.59755,9.87069,ifc_supported_ptac,False,True,ifc_arch,ifc_derived,high
tz_1F880bSDL9nPujvxIbzg02,room_1F880bSDL9nPujvxIbzg02,1F880bSDL9nPujvxIbzg02,ZN_0205_AA35370C,floor_level_01,Level_01,office,ELECT,ELECT:3125560,2.23184,8.48099,fallback_ptac_for_conditioned_zone,False,True,ifc_arch,ifc_derived,high
tz_1F880bSDL9nPujvxIbzg1l,room_1F880bSDL9nPujvxIbzg1l,1F880bSDL9nPujvxIbzg1l,ZN_0206_50D86E3A,floor_level_01,Level_01,office,ELECT,ELECT:3125589,2.21842,8.43,ifc_supported_ptac,False,True,ifc_arch,ifc_derived,high
tz_1F880bSDL9nPujvxIbzg1P,room_1F880bSDL9nPujvxIbzg1P,1F880bSDL9nPujvxIbzg1P,ZN_0207_BC55BDE5,floor_level_02,Level_02,office,ELECT,ELECT:3125603,2.18051,8.61303,ifc_supported_ptac,False,True,ifc_arch,ifc_derived,high
tz_1F880bSDL9nPujvxIbzg1C,room_1F880bSDL9nPujvxIbzg1C,1F880bSDL9nPujvxIbzg1C,ZN_0208_B04A5E69,floor_level_02,Level_02,office,ELECT,ELECT:3125622,1.77624,7.01615,ifc_supported_ptac,False,True,ifc_arch,ifc_derived,high
tz_1F880bSDL9nPujvxIbzg2u,room_1F880bSDL9nPujvxIbzg2u,1F880bSDL9nPujvxIbzg2u,ZN_0209_0B5E417C,floor_level_02,Level_02,office,ELECT,ELECT:3125634,1.73338,6.84684,ifc_supported_ptac,False,True,ifc_arch,ifc_derived,high
tz_1F880bSDL9nPujvxIbzg2q,room_1F880bSDL9nPujvxIbzg2q,1F880bSDL9nPujvxIbzg2q,ZN_0210_C05A5679,floor_level_02,Level_02,office,ELECT,ELECT:3125646,2.44921,9.6744,fallback_ptac_for_conditioned_zone,False,True,ifc_arch,ifc_derived,high
tz_1F880bSDL9nPujvxIbzg2R,room_1F880bSDL9nPujvxIbzg2R,1F880bSDL9nPujvxIbzg2R,ZN_0211_3BCB48A1,floor_level_03,Level_03,office,ELECT,ELECT:3125665,2.44921,9.6744,fallback_ptac_for_conditioned_zone,False,True,ifc_arch,ifc_derived,high
tz_3M4BY9f2fEkQXYemrsO6jj,room_3M4BY9f2fEkQXYemrsO6jj,3M4BY9f2fEkQXYemrsO6jj,ZN_0212_03D07BFF,floor_level_03,Level_03,office,ELECT,ELECT:3128953,1.75481,6.93149,ifc_supported_ptac,False,True,ifc_arch,ifc_derived,high
tz_3M4BY9f2fEkQXYemrsO6kM,room_3M4BY9f2fEkQXYemrsO6kM,3M4BY9f2fEkQXYemrsO6kM,ZN_0213_F86865FF,floor_level_03,Level_03,office,ELECT,ELECT:3128962,1.75481,6.93149,ifc_supported_ptac,False,True,ifc_arch,ifc_derived,high
tz_3M4BY9f2fEkQXYemrsO6kA,room_3M4BY9f2fEkQXYemrsO6kA,3M4BY9f2fEkQXYemrsO6kA,ZN_0214_592CDF96,floor_level_03,Level_03,office,ELECT,ELECT:3128990,2.16911,8.568,ifc_supported_ptac,False,True,ifc_arch,ifc_derived,high
tz_3M4BY9f2fEkQXYemrsO16z,room_3M4BY9f2fEkQXYemrsO16z,3M4BY9f2fEkQXYemrsO16z,ZN_0215_445984BD,floor_level_04,Level_04,office,ELECT,ELECT:3130537,2.31916,8.8128,ifc_supported_ptac,False,True,ifc_arch,ifc_derived,high
tz_3M4BY9f2fEkQXYemrsO17S,room_3M4BY9f2fEkQXYemrsO17S,3M4BY9f2fEkQXYemrsO17S,ZN_0216_D22EAFF9,floor_level_04,Level_04,office,ELECT,ELECT:3130568,2.00461,7.61753,ifc_supported_ptac,False,True,ifc_arch,ifc_derived,high
tz_3M4BY9f2fEkQXYemrsO175,room_3M4BY9f2fEkQXYemrsO175,3M4BY9f2fEkQXYemrsO175,ZN_0217_1D656F09,floor_level_04,Level_04,office,ELECT,ELECT:3130577,1.95624,7.43371,ifc_supported_ptac,False,True,ifc_arch,ifc_derived,high
tz_3M4BY9f2fEkQXYemrsO17n,room_3M4BY9f2fEkQXYemrsO17n,3M4BY9f2fEkQXYemrsO17n,ZN_0218_0708C50B,floor_level_04,Level_04,office,ELECT,ELECT:3130597,2.76058,10.4902,fallback_ptac_for_conditioned_zone,False,True,ifc_arch,ifc_derived,high
tz_1CEwDhGXz6rf1qZbuMomxT,room_1CEwDhGXz6rf1qZbuMomxT,1CEwDhGXz6rf1qZbuMomxT,ZN_0219_1912DD49,floor_basement,Basement,office,LIFT,LIFT:1423872,10.1454,123.716,ifc_supported_ptac,False,True,ifc_arch,ifc_derived,high
tz_2HM8XWPUz6WgsmzelJ_fNE,room_2HM8XWPUz6WgsmzelJ_fNE,2HM8XWPUz6WgsmzelJ_fNE,ZN_0220_91BB7379,floor_basement,Basement,office,LIFT,LIFT:2861246,10.1454,123.716,fallback_ptac_for_conditioned_zone,False,True,ifc_arch,ifc_derived,high
tz_1BI3W4_qjCRul28Xx_mEDH,room_1BI3W4_qjCRul28Xx_mEDH,1BI3W4_qjCRul28Xx_mEDH,ZN_0221_7639D718,floor_level_01,Level_01,office,SHAFT,SHAFT:2367915,3.7708,3.96462,ifc_supported_ptac,False,True,ifc_arch,ifc_derived,high
tz_1BI3W4_qjCRul28Xx_mEQU,room_1BI3W4_qjCRul28Xx_mEQU,1BI3W4_qjCRul28Xx_mEQU,ZN_0222_367716B4,floor_level_02,Level_02,office,SHAFT,SHAFT:2368612,3.7708,3.72819,ifc_supported_ptac,False,True,ifc_arch,ifc_derived,high
tz_1BI3W4_qjCRul28Xx_mES5,room_1BI3W4_qjCRul28Xx_mES5,1BI3W4_qjCRul28Xx_mES5,ZN_0223_CDB3D360,floor_level_02,Level_02,office,SHAFT,SHAFT:2369023,3.7714,3.72916,ifc_supported_ptac,False,True,ifc_arch,ifc_derived,high
tz_1BI3W4_qjCRul28Xx_mExk,room_1BI3W4_qjCRul28Xx_mExk,1BI3W4_qjCRul28Xx_mExk,ZN_0224_345E80D9,floor_level_03,Level_03,office,SHAFT,SHAFT:2370580,3.7708,3.72857,ifc_supported_ptac,False,True,ifc_arch,ifc_derived,high
tz_1BI3W4_qjCRul28Xx_mExj,room_1BI3W4_qjCRul28Xx_mExj,1BI3W4_qjCRul28Xx_mExj,ZN_0225_222359DD,floor_level_03,Level_03,office,SHAFT,SHAFT:2370583,3.7714,3.72916,ifc_supported_ptac,False,True,ifc_arch,ifc_derived,high
tz_1BI3W4_qjCRul28Xx_mFxY,room_1BI3W4_qjCRul28Xx_mFxY,1BI3W4_qjCRul28Xx_mFxY,ZN_0226_ADE89E53,floor_level_04,Level_04,office,SHAFT,SHAFT:2374680,3.7702,3.97228,ifc_supported_ptac,False,True,ifc_arch,ifc_derived,high
tz_1BI3W4_qjCRul28Xx_mFxa,room_1BI3W4_qjCRul28Xx_mFxa,1BI3W4_qjCRul28Xx_mFxa,ZN_0227_3891FF71,floor_level_04,Level_04,office,SHAFT,SHAFT:2374686,3.7715,3.97365,ifc_supported_ptac,False,True,ifc_arch,ifc_derived,high
tz_3jCS7E4Nb3qBkgP0MIoqI9,room_3jCS7E4Nb3qBkgP0MIoqI9,3jCS7E4Nb3qBkgP0MIoqI9,ZN_0228_5E96565B,floor_level_01,Level_01,office,SHAFT,SHAFT:2794459,3.7715,3.96536,ifc_supported_ptac,False,True,ifc_arch,ifc_derived,high
tz_2Ab53HB9b2wfqHriZIzvth,room_2Ab53HB9b2wfqHriZIzvth,2Ab53HB9b2wfqHriZIzvth,ZN_0229_ECE20C0C,floor_level_01,Level_01,office,SHAFT,SHAFT:3067657,1.9267,3.9401,fallback_ptac_for_conditioned_zone,False,True,ifc_arch,ifc_derived,high
tz_2Ab53HB9b2wfqHriZIzvtu,room_2Ab53HB9b2wfqHriZIzvtu,2Ab53HB9b2wfqHriZIzvtu,ZN_0230_CBC7AD8B,floor_level_01,Level_01,office,SHAFT,SHAFT:3067674,3.40963,14.3205,fallback_ptac_for_conditioned_zone,False,True,ifc_arch,ifc_derived,high
tz_2gcNnmocjA5uvLJTxY_5Hp,room_2gcNnmocjA5uvLJTxY_5Hp,2gcNnmocjA5uvLJTxY_5Hp,ZN_0231_8A08D473,floor_level_02,Level_02,office,SHAFT,SHAFT:3079370,1.42856,5.64283,fallback_ptac_for_conditioned_zone,False,True,ifc_arch,ifc_derived,high
tz_2gcNnmocjA5uvLJTxY_5Hg,room_2gcNnmocjA5uvLJTxY_5Hg,2gcNnmocjA5uvLJTxY_5Hg,ZN_0232_E692BC15,floor_level_03,Level_03,office,SHAFT,SHAFT:3079379,1.42856,5.64283,fallback_ptac_for_conditioned_zone,False,True,ifc_arch,ifc_derived,high
tz_2gcNnmocjA5uvLJTxY_5Hl,room_2gcNnmocjA5uvLJTxY_5Hl,2gcNnmocjA5uvLJTxY_5Hl,ZN_0233_4EE70807,floor_level_04,Level_04,office,SHAFT,SHAFT:3079382,1.43684,5.46,fallback_ptac_for_conditioned_zone,False,True,ifc_arch,ifc_derived,high
tz_3M4BY9f2fEkQXYemrsO6f4,room_3M4BY9f2fEkQXYemrsO6f4,3M4BY9f2fEkQXYemrsO6f4,ZN_0234_9F4C8278,floor_level_05,Level_05,office,SHAFT,SHAFT:3129168,3.6076,4.11266,fallback_ptac_for_conditioned_zone,False,True,ifc_arch,ifc_derived,high
tz_1VG1As2i9CNAES2YSNmuIZ,room_1VG1As2i9CNAES2YSNmuIZ,1VG1As2i9CNAES2YSNmuIZ,ZN_0235_C2AAAF37,floor_level_01,Level_01,office,GFA 250mm,1,3647.89,11673.3,ifc_supported_ptac,False,True,ifc_arch,ifc_derived,high
tz_1VG1As2i9CNAES2YSNmuJU,room_1VG1As2i9CNAES2YSNmuJU,1VG1As2i9CNAES2YSNmuJU,ZN_0236_5018E57E,floor_level_02,Level_02,office,GFA 250mm,2,3647.96,11673.5,ifc_supported_ptac,False,True,ifc_arch,ifc_derived,high
tz_1VG1As2i9CNAES2YSNmuK1,room_1VG1As2i9CNAES2YSNmuK1,1VG1As2i9CNAES2YSNmuK1,ZN_0237_BB6659AA,floor_level_03,Level_03,office,GFA 250mm,3,3648.79,11676.1,ifc_supported_ptac,False,True,ifc_arch,ifc_derived,high
tz_1VG1As2i9CNAES2YSNmuLw,room_1VG1As2i9CNAES2YSNmuLw,1VG1As2i9CNAES2YSNmuLw,ZN_0238_A439495B,floor_level_04,Level_04,office,GFA 250mm,4,3648.79,11676.1,ifc_supported_ptac,False,True,ifc_arch,ifc_derived,high
tz_2zhoehGLvBbwmT_FUY8BB4,room_2zhoehGLvBbwmT_FUY8BB4,2zhoehGLvBbwmT$FUY8BB4,ZN_0239_5247F99E,floor_basement,Basement,office,GFA,K,3704.39,11854.0,ifc_supported_ptac,False,True,ifc_arch,ifc_derived,high
tz_2zhoehGLvBbwmT_FUY8B3p,room_2zhoehGLvBbwmT_FUY8B3p,2zhoehGLvBbwmT$FUY8B3p,ZN_0240_1F18C60A,floor_level_01,Level_01,office,GFA,1,3712.13,11878.8,ifc_supported_ptac,False,True,ifc_arch,ifc_derived,high
tz_2zhoehGLvBbwmT_FUY8B0L,room_2zhoehGLvBbwmT_FUY8B0L,2zhoehGLvBbwmT$FUY8B0L,ZN_0241_30D90A96,floor_level_02,Level_02,office,GFA,2,3712.13,11878.8,ifc_supported_ptac,False,True,ifc_arch,ifc_derived,high
tz_2zhoehGLvBbwmT_FUY8B0q,room_2zhoehGLvBbwmT_FUY8B0q,2zhoehGLvBbwmT$FUY8B0q,ZN_0242_131CC093,floor_level_03,Level_03,office,GFA,3,3712.13,11878.8,ifc_supported_ptac,False,True,ifc_arch,ifc_derived,high
tz_2zhoehGLvBbwmT_FUY8C_P,room_2zhoehGLvBbwmT_FUY8C_P,2zhoehGLvBbwmT$FUY8C_P,ZN_0243_35B66173,floor_level_01,Level_01,office,GFA,P,1018.22,3258.31,fallback_ptac_for_conditioned_zone,False,True,ifc_arch,ifc_derived,high
tz_2zhoehGLvBbwmT_FUY8C_x,room_2zhoehGLvBbwmT_FUY8C_x,2zhoehGLvBbwmT$FUY8C_x,ZN_0244_93D59450,floor_level_04,Level_04,office,GFA,4,3712.13,11878.8,ifc_supported_ptac,False,True,ifc_arch,ifc_derived,high
tz_2zhoehGLvBbwmT_FUY8CyO,room_2zhoehGLvBbwmT_FUY8CyO,2zhoehGLvBbwmT$FUY8CyO,ZN_0245_2ABD5889,floor_level_05,Level_05,office,GFA,5,2722.51,8712.02,ifc_supported_ptac,False,True,ifc_arch,ifc_derived,high
tz_3PHN3kec17q9UkUqax52g0,room_3PHN3kec17q9UkUqax52g0,3PHN3kec17q9UkUqax52g0,ZN_0246_2E760192,floor_level_01,Level_01,office,BUSINESS SPACE,LIIK1,418.131,1338.02,ifc_supported_ptac,False,True,ifc_arch,ifc_derived,high
tz_3PHN3kec17q9UkUqax53gA,room_3PHN3kec17q9UkUqax53gA,3PHN3kec17q9UkUqax53gA,ZN_0247_F1E62B86,floor_level_02,Level_02,office,OFFICE,TSTO3,447.856,1433.14,ifc_supported_ptac,False,True,ifc_arch,ifc_derived,high
tz_3PHN3kec17q9UkUqax5039,room_3PHN3kec17q9UkUqax5039,3PHN3kec17q9UkUqax5039,ZN_0248_B5DAE375,floor_level_02,Level_02,office,OFFICE,TSTO2,876.064,2803.41,ifc_supported_ptac,False,True,ifc_arch,ifc_derived,high
tz_3PHN3kec17q9UkUqax503K,room_3PHN3kec17q9UkUqax503K,3PHN3kec17q9UkUqax503K,ZN_0249_66A29656,floor_level_02,Level_02,office,OFFICE,TSTO1,1145.48,3665.53,ifc_supported_ptac,False,True,ifc_arch,ifc_derived,high
tz_3PHN3kec17q9UkUqax50v0,room_3PHN3kec17q9UkUqax50v0,3PHN3kec17q9UkUqax50v0,ZN_0250_68A4A910,floor_level_03,Level_03,office,OFFICE,TSTO4,447.856,1433.14,ifc_supported_ptac,False,True,ifc_arch,ifc_derived,high
tz_3PHN3kec17q9UkUqax50vF,room_3PHN3kec17q9UkUqax50vF,3PHN3kec17q9UkUqax50vF,ZN_0251_D0166AAF,floor_level_03,Level_03,office,OFFICE,TSTO5,643.703,2059.85,ifc_supported_ptac,False,True,ifc_arch,ifc_derived,high
tz_3PHN3kec17q9UkUqax50vA,room_3PHN3kec17q9UkUqax50vA,3PHN3kec17q9UkUqax50vA,ZN_0252_046FBA35,floor_level_03,Level_03,office,OFFICE,TSTO6,876.064,2803.41,ifc_supported_ptac,False,True,ifc_arch,ifc_derived,high
tz_3PHN3kec17q9UkUqax50v9,room_3PHN3kec17q9UkUqax50v9,3PHN3kec17q9UkUqax50v9,ZN_0253_99BEC91D,floor_level_03,Level_03,office,OFFICE,TSTO7,447.856,1433.14,ifc_supported_ptac,False,True,ifc_arch,ifc_derived,high
tz_3PHN3kec17q9UkUqax50dd,room_3PHN3kec17q9UkUqax50dd,3PHN3kec17q9UkUqax50dd,ZN_0254_CE9D4782,floor_level_04,Level_04,office,OFFICE,TSTO8,447.856,1433.14,ifc_supported_ptac,False,True,ifc_arch,ifc_derived,high
tz_3PHN3kec17q9UkUqax50dZ,room_3PHN3kec17q9UkUqax50dZ,3PHN3kec17q9UkUqax50dZ,ZN_0255_0788E1C8,floor_level_04,Level_04,office,OFFICE,TSTO9,643.703,2059.85,ifc_supported_ptac,False,True,ifc_arch,ifc_derived,high
tz_3PHN3kec17q9UkUqax50dk,room_3PHN3kec17q9UkUqax50dk,3PHN3kec17q9UkUqax50dk,ZN_0256_61C1CDEF,floor_level_04,Level_04,office,OFFICE,TSTO10,876.064,2803.41,ifc_supported_ptac,False,True,ifc_arch,ifc_derived,high
tz_3PHN3kec17q9UkUqax50dj,room_3PHN3kec17q9UkUqax50dj,3PHN3kec17q9UkUqax50dj,ZN_0257_4AF0C1CC,floor_level_04,Level_04,office,OFFICE,TSTO11,447.856,1433.14,ifc_supported_ptac,False,True,ifc_arch,ifc_derived,high
tz_1rU_t3tkDF9h1LzFTQbFDG,room_1rU_t3tkDF9h1LzFTQbFDG,1rU$t3tkDF9h1LzFTQbFDG,ZN_0258_D261444B,floor_basement,Basement,office,HEATED NETAREA,K,3487.8,11160.9,ifc_supported_ptac,False,True,ifc_arch,ifc_derived,high
tz_1rU_t3tkDF9h1LzFTQbFdr,room_1rU_t3tkDF9h1LzFTQbFdr,1rU$t3tkDF9h1LzFTQbFdr,ZN_0259_6F72C06C,floor_level_01,Level_01,office,HEATED NETAREA,1,3564.05,11405.0,ifc_supported_ptac,False,True,ifc_arch,ifc_derived,high
tz_1rU_t3tkDF9h1LzFTQbFc3,room_1rU_t3tkDF9h1LzFTQbFc3,1rU$t3tkDF9h1LzFTQbFc3,ZN_0260_14562137,floor_level_02,Level_02,office,HEATED NETAREA,2,3564.05,11405.0,ifc_supported_ptac,False,True,ifc_arch,ifc_derived,high
tz_1rU_t3tkDF9h1LzFTQbFcg,room_1rU_t3tkDF9h1LzFTQbFcg,1rU$t3tkDF9h1LzFTQbFcg,ZN_0261_1BCBFE75,floor_level_03,Level_03,office,HEATED NETAREA,3,3564.05,11405.0,ifc_supported_ptac,False,True,ifc_arch,ifc_derived,high
tz_1rU_t3tkDF9h1LzFTQbFvn,room_1rU_t3tkDF9h1LzFTQbFvn,1rU$t3tkDF9h1LzFTQbFvn,ZN_0262_9F618C37,floor_level_04,Level_04,office,HEATED NETAREA,4,3564.05,11405.0,ifc_supported_ptac,False,True,ifc_arch,ifc_derived,high
tz_1rU_t3tkDF9h1LzFTQb8B5,room_1rU_t3tkDF9h1LzFTQb8B5,1rU$t3tkDF9h1LzFTQb8B5,ZN_0263_2CB3BA79,floor_level_05,Level_05,office,HEATED NETAREA,5a,1799.3,5757.76,ifc_supported_ptac,False,True,ifc_arch,ifc_derived,high
tz_0y9ASLGLvEHv0SDNef9uK7,room_0y9ASLGLvEHv0SDNef9uK7,0y9ASLGLvEHv0SDNef9uK7,ZN_0264_B06BFED4,floor_level_05,Level_05,office,GFA 250mm,5,384.193,1229.42,ifc_supported_ptac,False,True,ifc_arch,ifc_derived,high
tz_2yC6uZ1Mj3WfWcT4GmORMG,room_2yC6uZ1Mj3WfWcT4GmORMG,2yC6uZ1Mj3WfWcT4GmORMG,ZN_0265_925E8FE2,floor_foundation,Foundation,office,,VOLUME / OFFICE:VOLUME / OFFICE:2646424,3712.13,30773.9,fallback_ptac_for_conditioned_zone,False,True,ifc_arch,ifc_derived,high
tz_2zhoehGLvBbwmT_FUY8CNA,room_2zhoehGLvBbwmT_FUY8CNA,2zhoehGLvBbwmT$FUY8CNA,ZN_0266_2523BFD6,floor_basement,Basement,office,,VOLUME / GARAGE:VOLUME / GARAGE:2673500,1037.46,1867.23,unconditioned_zone,False,True,ifc_arch,ifc_derived,high
tz_1ihDn_IqL2a8bCCZUoYpBY,room_1ihDn_IqL2a8bCCZUoYpBY,1ihDn_IqL2a8bCCZUoYpBY,ZN_0267_497EA3B3,floor_level_01,Level_01,office,,Turning Free Space:Turning Free Space 1500 mm:3440872,2.25,3.53408,fallback_ptac_for_conditioned_zone,False,True,ifc_arch,ifc_derived,high
tz_1ihDn_IqL2a8bCCZUoYpEf,room_1ihDn_IqL2a8bCCZUoYpEf,1ihDn_IqL2a8bCCZUoYpEf,ZN_0268_96945421,floor_level_01,Level_01,office,,Turning Free Space:Turning Free Space 1500 mm:3441059,2.25,3.53408,fallback_ptac_for_conditioned_zone,False,True,ifc_arch,ifc_derived,high
tz_1ihDn_IqL2a8bCCZUoYpFH,room_1ihDn_IqL2a8bCCZUoYpFH,1ihDn_IqL2a8bCCZUoYpFH,ZN_0269_568115C0,floor_level_01,Level_01,office,,Turning Free Space:Turning Free Space 1500 mm:3441115,2.25,3.53408,fallback_ptac_for_conditioned_zone,False,True,ifc_arch,ifc_derived,high
tz_1ihDn_IqL2a8bCCZUoYp0R,room_1ihDn_IqL2a8bCCZUoYp0R,1ihDn_IqL2a8bCCZUoYp0R,ZN_0270_57BF41B5,floor_level_01,Level_01,office,,Turning Free Space:Turning Free Space 1500 mm:3441169,2.25,3.53408,fallback_ptac_for_conditioned_zone,False,True,ifc_arch,ifc_derived,high
tz_1ihDn_IqL2a8bCCZUoYp1F,room_1ihDn_IqL2a8bCCZUoYp1F,1ihDn_IqL2a8bCCZUoYp1F,ZN_0271_5AC21D28,floor_level_01,Level_01,office,,Turning Free Space:Turning Free Space 1500 mm:3441221,2.25,3.53408,fallback_ptac_for_conditioned_zone,False,True,ifc_arch,ifc_derived,high
tz_1ihDn_IqL2a8bCCZUoYp1p,room_1ihDn_IqL2a8bCCZUoYp1p,1ihDn_IqL2a8bCCZUoYp1p,ZN_0272_B6A74653,floor_level_01,Level_01,office,,Turning Free Space:Turning Free Space 1500 mm:3441273,2.25,3.53408,fallback_ptac_for_conditioned_zone,False,True,ifc_arch,ifc_derived,high
tz_1ihDn_IqL2a8bCCZUoYp27,room_1ihDn_IqL2a8bCCZUoYp27,1ihDn_IqL2a8bCCZUoYp27,ZN_0273_2EEE0E20,floor_level_01,Level_01,office,,Turning Free Space:Turning Free Space 1500 mm:3441293,2.25,3.53408,fallback_ptac_for_conditioned_zone,False,True,ifc_arch,ifc_derived,high
tz_1ihDn_IqL2a8bCCZUoYp3L,room_1ihDn_IqL2a8bCCZUoYp3L,1ihDn_IqL2a8bCCZUoYp3L,ZN_0274_1ED6441B,floor_level_02,Level_02,office,,Turning Free Space:Turning Free Space 1500 mm:3441375,2.25,3.53408,fallback_ptac_for_conditioned_zone,False,True,ifc_arch,ifc_derived,high
tz_1ihDn_IqL2a8bCCZUoYp6i,room_1ihDn_IqL2a8bCCZUoYp6i,1ihDn_IqL2a8bCCZUoYp6i,ZN_0275_2B29D3B8,floor_level_02,Level_02,office,,Turning Free Space:Turning Free Space 1500 mm:3441574,2.25,3.53408,fallback_ptac_for_conditioned_zone,False,True,ifc_arch,ifc_derived,high
tz_1ihDn_IqL2a8bCCZUoYp7M,room_1ihDn_IqL2a8bCCZUoYp7M,1ihDn_IqL2a8bCCZUoYp7M,ZN_0276_A71955C6,floor_level_02,Level_02,office,,Turning Free Space:Turning Free Space 1500 mm:3441628,2.25,3.53408,fallback_ptac_for_conditioned_zone,False,True,ifc_arch,ifc_derived,high
tz_1ihDn_IqL2a8bCCZUoYpO6,room_1ihDn_IqL2a8bCCZUoYpO6,1ihDn_IqL2a8bCCZUoYpO6,ZN_0277_73DCF447,floor_level_02,Level_02,office,,Turning Free Space:Turning Free Space 1500 mm:3441676,2.25,3.53408,fallback_ptac_for_conditioned_zone,False,True,ifc_arch,ifc_derived,high
tz_1ihDn_IqL2a8bCCZUoYpPA,room_1ihDn_IqL2a8bCCZUoYpPA,1ihDn_IqL2a8bCCZUoYpPA,ZN_0278_AD3DC999,floor_level_02,Level_02,office,,Turning Free Space:Turning Free Space 1500 mm:3441728,2.25,3.53408,fallback_ptac_for_conditioned_zone,False,True,ifc_arch,ifc_derived,high
tz_1ihDn_IqL2a8bCCZUoYpPM,room_1ihDn_IqL2a8bCCZUoYpPM,1ihDn_IqL2a8bCCZUoYpPM,ZN_0279_43103D68,floor_basement,Basement,office,,Turning Free Space:Turning Free Space 1500 mm:3441756,2.25,3.53408,fallback_ptac_for_conditioned_zone,False,True,ifc_arch,ifc_derived,high
tz_1ihDn_IqL2a8bCCZUoYpTJ,room_1ihDn_IqL2a8bCCZUoYpTJ,1ihDn_IqL2a8bCCZUoYpTJ,ZN_0280_8D1EF124,floor_basement,Basement,office,,Turning Free Space:Turning Free Space 1500 mm:3442009,2.25,3.53408,fallback_ptac_for_conditioned_zone,False,True,ifc_arch,ifc_derived,high
tz_1ihDn_IqL2a8bCCZUoYpTf,room_1ihDn_IqL2a8bCCZUoYpTf,1ihDn_IqL2a8bCCZUoYpTf,ZN_0281_C127CE46,floor_basement,Basement,office,,Turning Free Space:Turning Free Space 1500 mm:3442019,2.25,3.53408,fallback_ptac_for_conditioned_zone,False,True,ifc_arch,ifc_derived,high
tz_1ihDn_IqL2a8bCCZUoYpTb,room_1ihDn_IqL2a8bCCZUoYpTb,1ihDn_IqL2a8bCCZUoYpTb,ZN_0282_C96AADF7,floor_basement,Basement,office,,Turning Free Space:Turning Free Space 1500 mm:3442031,2.25,3.53408,fallback_ptac_for_conditioned_zone,False,True,ifc_arch,ifc_derived,high
tz_1ihDn_IqL2a8bCCZUoYpTz,room_1ihDn_IqL2a8bCCZUoYpTz,1ihDn_IqL2a8bCCZUoYpTz,ZN_0283_D56E37FB,floor_basement,Basement,office,,Turning Free Space:Turning Free Space 1500 mm:3442039,2.25,3.53408,fallback_ptac_for_conditioned_zone,False,True,ifc_arch,ifc_derived,high
tz_1ihDn_IqL2a8bCCZUoYpU9,room_1ihDn_IqL2a8bCCZUoYpU9,1ihDn_IqL2a8bCCZUoYpU9,ZN_0284_2EA9F373,floor_basement,Basement,office,,Turning Free Space:Turning Free Space 1500 mm:3442051,2.25,3.53408,fallback_ptac_for_conditioned_zone,False,True,ifc_arch,ifc_derived,high
tz_1ihDn_IqL2a8bCCZUoYpU7,room_1ihDn_IqL2a8bCCZUoYpU7,1ihDn_IqL2a8bCCZUoYpU7,ZN_0285_54473F78,floor_basement,Basement,office,,Turning Free Space:Turning Free Space 1500 mm:3442061,2.25,3.53408,fallback_ptac_for_conditioned_zone,False,True,ifc_arch,ifc_derived,high
tz_1ihDn_IqL2a8bCCZUoYpUV,room_1ihDn_IqL2a8bCCZUoYpUV,1ihDn_IqL2a8bCCZUoYpUV,ZN_0286_5EF5517F,floor_basement,Basement,office,,Turning Free Space:Turning Free Space 1500 mm:3442069,2.25,3.53408,fallback_ptac_for_conditioned_zone,False,True,ifc_arch,ifc_derived,high
tz_1ihDn_IqL2a8bCCZUoYpUL,room_1ihDn_IqL2a8bCCZUoYpUL,1ihDn_IqL2a8bCCZUoYpUL,ZN_0287_C19940B7,floor_basement,Basement,office,,Turning Free Space:Turning Free Space 1500 mm:3442079,2.25,3.53408,ifc_supported_ptac,False,True,ifc_arch,ifc_derived,high
tz_1ihDn_IqL2a8bCCZUoYpUX,room_1ihDn_IqL2a8bCCZUoYpUX,1ihDn_IqL2a8bCCZUoYpUX,ZN_0288_789A2830,floor_basement,Basement,office,,Turning Free Space:Turning Free Space 1500 mm:3442091,2.25,3.53408,fallback_ptac_for_conditioned_zone,False,True,ifc_arch,ifc_derived,high
tz_1ihDn_IqL2a8bCCZUoYpU_,room_1ihDn_IqL2a8bCCZUoYpU_,1ihDn_IqL2a8bCCZUoYpU$,ZN_0289_FF7977CA,floor_basement,Basement,office,,Turning Free Space:Turning Free Space 1500 mm:3442101,2.25,3.53408,fallback_ptac_for_conditioned_zone,False,True,ifc_arch,ifc_derived,high
tz_1ihDn_IqL2a8bCCZUoYpVt,room_1ihDn_IqL2a8bCCZUoYpVt,1ihDn_IqL2a8bCCZUoYpVt,ZN_0290_5F7CD2A7,floor_level_03,Level_03,office,,Turning Free Space:Turning Free Space 1500 mm:3442173,2.25,3.53408,fallback_ptac_for_conditioned_zone,False,True,ifc_arch,ifc_derived,high
tz_1ihDn_IqL2a8bCCZUoYpIG,room_1ihDn_IqL2a8bCCZUoYpIG,1ihDn_IqL2a8bCCZUoYpIG,ZN_0291_1B97CAAF,floor_level_03,Level_03,office,,Turning Free Space:Turning Free Space 1500 mm:3442330,2.25,3.53408,fallback_ptac_for_conditioned_zone,False,True,ifc_arch,ifc_derived,high
tz_1ihDn_IqL2a8bCCZUoYpJU,room_1ihDn_IqL2a8bCCZUoYpJU,1ihDn_IqL2a8bCCZUoYpJU,ZN_0292_DCDDE856,floor_level_03,Level_03,office,,Turning Free Space:Turning Free Space 1500 mm:3442388,2.25,3.53408,fallback_ptac_for_conditioned_zone,False,True,ifc_arch,ifc_derived,high
tz_1ihDn_IqL2a8bCCZUoYpKQ,room_1ihDn_IqL2a8bCCZUoYpKQ,1ihDn_IqL2a8bCCZUoYpKQ,ZN_0293_6FAE91E5,floor_level_03,Level_03,office,,Turning Free Space:Turning Free Space 1500 mm:3442448,2.25,3.53408,fallback_ptac_for_conditioned_zone,False,True,ifc_arch,ifc_derived,high
tz_1ihDn_IqL2a8bCCZUoYpL6,room_1ihDn_IqL2a8bCCZUoYpL6,1ihDn_IqL2a8bCCZUoYpL6,ZN_0294_088EBCD4,floor_level_03,Level_03,office,,Turning Free Space:Turning Free Space 1500 mm:3442508,2.25,3.53408,fallback_ptac_for_conditioned_zone,False,True,ifc_arch,ifc_derived,high
tz_1ihDn_IqL2a8bCCZUoYpME,room_1ihDn_IqL2a8bCCZUoYpME,1ihDn_IqL2a8bCCZUoYpME,ZN_0295_4A4D56B9,floor_level_03,Level_03,office,,Turning Free Space:Turning Free Space 1500 mm:3442564,2.25,3.53408,fallback_ptac_for_conditioned_zone,False,True,ifc_arch,ifc_derived,high
tz_1ihDn_IqL2a8bCCZUoYpND,room_1ihDn_IqL2a8bCCZUoYpND,1ihDn_IqL2a8bCCZUoYpND,ZN_0296_4A7BE659,floor_level_04,Level_04,office,,Turning Free Space:Turning Free Space 1500 mm:3442631,2.25,3.53408,fallback_ptac_for_conditioned_zone,False,True,ifc_arch,ifc_derived,high
tz_1ihDn_IqL2a8bCCZUoYpfj,room_1ihDn_IqL2a8bCCZUoYpfj,1ihDn_IqL2a8bCCZUoYpfj,ZN_0297_D9E6F5EB,floor_level_04,Level_04,office,,Turning Free Space:Turning Free Space 1500 mm:3442791,2.25,3.53408,fallback_ptac_for_conditioned_zone,False,True,ifc_arch,ifc_derived,high
tz_1ihDn_IqL2a8bCCZUoYpgl,room_1ihDn_IqL2a8bCCZUoYpgl,1ihDn_IqL2a8bCCZUoYpgl,ZN_0298_ACFB5BB6,floor_level_04,Level_04,office,,Turning Free Space:Turning Free Space 1500 mm:3442853,2.25,3.53408,fallback_ptac_for_conditioned_zone,False,True,ifc_arch,ifc_derived,high
tz_1ihDn_IqL2a8bCCZUoYphL,room_1ihDn_IqL2a8bCCZUoYphL,1ihDn_IqL2a8bCCZUoYphL,ZN_0299_4A29A494,floor_level_04,Level_04,office,,Turning Free Space:Turning Free Space 1500 mm:3442911,2.25,3.53408,fallback_ptac_for_conditioned_zone,False,True,ifc_arch,ifc_derived,high
tz_1ihDn_IqL2a8bCCZUoYpiH,room_1ihDn_IqL2a8bCCZUoYpiH,1ihDn_IqL2a8bCCZUoYpiH,ZN_0300_57F5CE82,floor_level_04,Level_04,office,,Turning Free Space:Turning Free Space 1500 mm:3442971,2.25,3.53408,fallback_ptac_for_conditioned_zone,False,True,ifc_arch,ifc_derived,high
tz_1ihDn_IqL2a8bCCZUoYpjV,room_1ihDn_IqL2a8bCCZUoYpjV,1ihDn_IqL2a8bCCZUoYpjV,ZN_0301_A2B0C854,floor_level_04,Level_04,office,,Turning Free Space:Turning Free Space 1500 mm:3443029,2.25,3.53408,fallback_ptac_for_conditioned_zone,False,True,ifc_arch,ifc_derived,high
tz_1ihDn_IqL2a8bCCZUoYplB,room_1ihDn_IqL2a8bCCZUoYplB,1ihDn_IqL2a8bCCZUoYplB,ZN_0302_7EA2410B,floor_level_05,Level_05,office,,Turning Free Space:Turning Free Space 1500 mm:3443137,2.25,3.53408,fallback_ptac_for_conditioned_zone,False,True,ifc_arch,ifc_derived,high
tz_1ihDn_IqL2a8bCCZUoYpYV,room_1ihDn_IqL2a8bCCZUoYpYV,1ihDn_IqL2a8bCCZUoYpYV,ZN_0303_013F9A39,floor_level_05,Level_05,office,,Turning Free Space:Turning Free Space 1500 mm:3443349,2.25,3.53408,fallback_ptac_for_conditioned_zone,False,True,ifc_arch,ifc_derived,high
tz_1ihDn_IqL2a8bCCZUoYpZ5,room_1ihDn_IqL2a8bCCZUoYpZ5,1ihDn_IqL2a8bCCZUoYpZ5,ZN_0304_7410DBD9,floor_level_05,Level_05,office,,Turning Free Space:Turning Free Space 1500 mm:3443407,2.25,3.53408,fallback_ptac_for_conditioned_zone,False,True,ifc_arch,ifc_derived,high
tz_1ihDn_IqL2a8bCCZUoYpaF,room_1ihDn_IqL2a8bCCZUoYpaF,1ihDn_IqL2a8bCCZUoYpaF,ZN_0305_995A6535,floor_level_05,Level_05,office,,Turning Free Space:Turning Free Space 1500 mm:3443461,2.25,3.53408,fallback_ptac_for_conditioned_zone,False,True,ifc_arch,ifc_derived,high
tz_1ihDn_IqL2a8bCCZUoYpat,room_1ihDn_IqL2a8bCCZUoYpat,1ihDn_IqL2a8bCCZUoYpat,ZN_0306_D5AC2107,floor_level_05,Level_05,office,,Turning Free Space:Turning Free Space 1500 mm:3443517,2.25,3.53408,fallback_ptac_for_conditioned_zone,False,True,ifc_arch,ifc_derived,high
tz_1ihDn_IqL2a8bCCZUoYpb_,room_1ihDn_IqL2a8bCCZUoYpb_,1ihDn_IqL2a8bCCZUoYpb$,ZN_0307_162B24A8,floor_level_05,Level_05,office,,Turning Free Space:Turning Free Space 1500 mm:3443573,2.25,3.53408,fallback_ptac_for_conditioned_zone,False,True,ifc_arch,ifc_derived,high
tz_1ihDn_IqL2a8bCCZUoYpd9,room_1ihDn_IqL2a8bCCZUoYpd9,1ihDn_IqL2a8bCCZUoYpd9,ZN_0308_7C3D6784,floor_basement,Basement,office,,Turning Free Space:Turning Free Space 1500 mm:3443651,2.25,3.53408,fallback_ptac_for_conditioned_zone,False,True,ifc_arch,ifc_derived,high
